,school_sector,school_code,school_name,school_grade_range,school_enrollment_SY1819,school_star_score_SY1819,school_star_rating_SY1819,school_capacity_SY1819,school_unfilled_seats_SY1819,school_latitude,school_longitude,school_cluster,school_ward,school_grade_band,school_enrollment_SY1718,school_star_score_SY1718,school_star_rating_SY1718,school_capacity_SY1718,school_unfilled_seats_SY1718,attnd_count_truancy_aged_students_SY1819,attnd_absence_1-5_SY1819,attnd_absence_6-10_SY1819,attnd_absence_11-20_SY1819,attnd_absence_20+_SY1819,attnd_count_truancy_aged_students_SY1718,attnd_absence_1-5_SY1718,attnd_absence_6-10_SY1718,attnd_absence_11-20_SY1718,attnd_absence_20+_SY1718,school_budgeted_amount_FY16,school_budgeted_enrollment_FY16,school_budgeted_amount_FY17,school_budgeted_enrollment_FY17,school_capacity_pct_SY1819,school_capacity_pct_SY1718,students_with_absences_SY1819,students_with_absences_SY1718,pct_of_absences_1-5_SY1819,pct_of_student_absences_1-5_SY1819,pct_of_absences_6-10_SY1819,pct_of_student_absences_6-10_SY1819,pct_of_absences_11-20_SY1819,pct_of_student_absences_11-20_SY1819,pct_of_absences_20+_SY1819,pct_of_student_absences_20+_SY1819,pct_of_absences_1-5_SY1718,pct_of_absences_6-10_SY1718,pct_of_absences_11-20_SY1718,pct_of_absences_20+_SY1718,pct_of_student_absences_1-5_SY1718,pct_of_student_absences_6-10_SY1718,pct_of_student_absences_11-20_SY1718,pct_of_student_absences_20+_SY1718,cluster_Count of English Learner Students,cluster_English Learner Students as  share of Neighborhood Cluster,cluster_Count of At Risk Students,cluster_At Risk as share of Neighborhood Cluster,cluster_Count of Special Education Students,cluster_Special Education Students as share of Neighborhood Cluster,cluster_Sum of Enrollment by Sector and Grade Band
0,DCPS,202,Aiton Elementary School,PK3-5th,244.0,10.79,1.0,529.0,285.0,38.89700181,-76.93370092,Cluster 31,Ward 7,Elementary,243.0,43.85,3.0,529.0,286.0,190.0,58.0,61.0,45.0,21.0,190.0,74.0,58.0,33.0,12.0,7429920.000736499,2650.0,3780814.0,2499672.0,0.4612476370510397,0.4593572778827977,185.0,177.0,0.3135135135135135,0.2377049180327868,0.3297297297297297,0.25,0.2432432432432432,0.1844262295081967,0.1135135135135135,0.0860655737704918,0.4180790960451977,0.327683615819209,0.1864406779661017,0.0677966101694915,0.3045267489711934,0.2386831275720164,0.1358024691358024,0.0493827160493827,71,0.02,2089,0.61,612,0.18,3518
1,DCPS,203,Amidon-Bowen Elementary School,PK3-5th,339.0,48.54,3.0,400.0,61.0,38.8795154,-77.0181253,Cluster 9,Ward 6,Elementary,351.0,36.53,2.0,400.0,49.0,279.0,132.0,87.0,38.0,10.0,309.0,149.0,98.0,36.0,12.0,8979878.262866085,3660.0,4533018.0,3020358.0,0.8475,0.8775,267.0,295.0,0.4943820224719101,0.3893805309734513,0.3258426966292135,0.2566371681415929,0.1423220973782771,0.1120943952802359,0.0374531835205992,0.0294985250737463,0.5050847457627119,0.3322033898305084,0.1220338983050847,0.0406779661016949,0.4245014245014245,0.2792022792022792,0.1025641025641025,0.0341880341880341,35,0.03,631,0.59,204,0.19,969
2,DCPS,450,Anacostia High School,9th-12th,296.0,3.68,1.0,837.0,541.0,38.87008406,-76.98307725,Cluster 34,Ward 8,High,379.0,2.85,1.0,837.0,458.0,345.0,20.0,29.0,68.0,221.0,396.0,31.0,40.0,59.0,262.0,18537017.599638693,6360.0,9238855.0,4694247.0,0.3536439665471924,0.4528076463560334,338.0,392.0,0.059171597633136,0.0675675675675675,0.0857988165680473,0.0979729729729729,0.2011834319526627,0.2297297297297297,0.6538461538461539,0.7466216216216216,0.0790816326530612,0.1020408163265306,0.1505102040816326,0.6683673469387755,0.0817941952506596,0.1055408970976253,0.1556728232189973,0.6912928759894459,47,0.02,1682,0.56,483,0.16,1786
3,DCPS,452,Ballou High School,9th-12th,650.0,4.83,1.0,,,38.83851166,-77.0013625,Cluster 39,Ward 8,High,880.0,4.65,1.0,,,682.0,26.0,40.0,94.0,518.0,933.0,53.0,102.0,207.0,556.0,21873207.956374083,8180.0,12748461.0,6860942.0,,,678.0,918.0,0.0383480825958702,0.04,0.0589970501474926,0.0615384615384615,0.1386430678466076,0.1446153846153846,0.7640117994100295,0.796923076923077,0.0577342047930283,0.1111111111111111,0.2254901960784313,0.6056644880174292,0.0602272727272727,0.1159090909090909,0.2352272727272727,0.6318181818181818,66,0.01,5609,0.68,1443,0.17,9122
4,DCPS,462,Ballou STAY,Adult,524.0,,,,,38.83851166,-77.0013625,Cluster 39,Ward 8,,495.0,,,,,167.0,5.0,5.0,10.0,147.0,138.0,5.0,5.0,5.0,128.0,5708080.0,4850.0,3570862.0,3183315.0,,,167.0,143.0,0.029940119760479,0.0095419847328244,0.029940119760479,0.0095419847328244,0.059880239520958,0.0190839694656488,0.8802395209580839,0.2805343511450381,0.0349650349650349,0.0349650349650349,0.0349650349650349,0.8951048951048951,0.0101010101010101,0.0101010101010101,0.0101010101010101,0.2585858585858586,66,0.01,5609,0.68,1443,0.17,9122
5,DCPS,205,Barnard Elementary School,PK3-5th,620.0,73.18,4.0,753.0,133.0,38.94823095,-77.01777708,Cluster 18,Ward 4,Elementary,642.0,66.46,4.0,753.0,111.0,532.0,333.0,49.0,18.0,11.0,521.0,378.0,41.0,10.0,5.0,15199798.82158076,6340.0,7531184.0,4677607.0,0.8233731739707836,0.852589641434263,411.0,434.0,0.8102189781021898,0.5370967741935484,0.1192214111922141,0.0790322580645161,0.0437956204379562,0.0290322580645161,0.0267639902676399,0.0177419354838709,0.8709677419354839,0.0944700460829493,0.0230414746543778,0.0115207373271889,0.5887850467289719,0.0638629283489096,0.0155763239875389,0.0077881619937694,2164,0.32,2406,0.36,883,0.13,7949
6,DCPS,206,Beers Elementary School,PK3-5th,489.0,38.68,2.0,508.0,19.0,38.86434984,-76.95560475,Cluster 34,Ward 7,Elementary,484.0,35.32,2.0,508.0,24.0,422.0,233.0,95.0,32.0,5.0,411.0,252.0,47.0,5.0,0.0,11026860.16455043,4340.0,5511270.0,3506981.0,0.9625984251968503,0.952755905511811,365.0,304.0,0.6383561643835617,0.476482617586912,0.2602739726027397,0.1942740286298568,0.0876712328767123,0.065439672801636,0.0136986301369863,0.0102249488752556,0.8289473684210527,0.1546052631578947,0.0164473684210526,0.0,0.5206611570247934,0.0971074380165289,0.0103305785123966,0.0,47,0.02,1682,0.56,483,0.16,1786
7,DCPS,402,Benjamin Banneker High School,9th-12th,482.0,98.67,5.0,654.0,172.0,38.92383276,-77.02397697,Cluster 2,Ward 1,High,482.0,99.01,5.0,654.0,172.0,482.0,294.0,72.0,22.0,5.0,483.0,309.0,47.0,15.0,5.0,8774904.361047681,4540.0,4622883.0,3391093.0,0.7370030581039755,0.7370030581039755,393.0,376.0,0.7480916030534351,0.6099585062240664,0.183206106870229,0.1493775933609958,0.0559796437659033,0.0456431535269709,0.0127226463104325,0.0103734439834024,0.8218085106382979,0.125,0.0398936170212766,0.0132978723404255,0.6410788381742739,0.0975103734439834,0.0311203319502074,0.0103734439834024,2276,0.37,2467,0.42,889,0.14,8171
8,DCPS,291,Boone Elementary School (formerly Orr Elementary),PK3-5th,430.0,47.46,3.0,492.0,62.0,38.87179716,-76.97448402,Cluster 34,Ward 8,Elementary,404.0,30.82,2.0,392.0,0.0,345.0,137.0,94.0,69.0,24.0,334.0,142.0,92.0,52.0,28.0,9026511.97137628,3990.0,4941263.0,3649872.0,0.8739837398373984,1.030612244897959,324.0,314.0,0.4228395061728395,0.3186046511627907,0.2901234567901234,0.2186046511627907,0.2129629629629629,0.1604651162790697,0.074074074074074,0.055813953488372,0.4522292993630573,0.2929936305732484,0.1656050955414012,0.0891719745222929,0.3514851485148514,0.2277227722772277,0.1287128712871287,0.0693069306930693,47,0.02,1682,0.56,483,0.16,1786
9,DCPS,212,Brent Elementary School,PK3-5th,432.0,81.49,5.0,408.0,0.0,38.88480121,-77.00145985,Cluster 26,Ward 6,Elementary,425.0,65.64,4.0,408.0,0.0,369.0,229.0,29.0,5.0,5.0,369.0,242.0,40.0,5.0,0.0,7639787.996764621,3800.0,3855869.0,3350521.0,1.0588235294117647,1.0416666666666667,268.0,287.0,0.8544776119402985,0.5300925925925926,0.1082089552238805,0.0671296296296296,0.0186567164179104,0.011574074074074,0.0186567164179104,0.011574074074074,0.8432055749128919,0.1393728222996515,0.0174216027874564,0.0,0.5694117647058824,0.0941176470588235,0.0117647058823529,0.0,73,0.03,672,0.26,269,0.1,3988
10,DCPS,213,Brightwood Education Campus,PK3-8th,757.0,57.15,3.0,1069.0,312.0,38.96053573,-77.03068885,Cluster 18,Ward 4,Education Campus/Multi,737.0,59.87,3.0,1069.0,332.0,720.0,399.0,150.0,62.0,27.0,712.0,407.0,155.0,52.0,12.0,17816696.248652894,6700.0,8951669.0,5271217.0,0.7081384471468662,0.6894293732460243,638.0,626.0,0.6253918495297806,0.5270805812417437,0.2351097178683385,0.1981505944517833,0.0971786833855799,0.0819022457067371,0.0423197492163009,0.035667107001321,0.6501597444089456,0.2476038338658147,0.0830670926517571,0.0191693290734824,0.5522388059701493,0.2103120759837177,0.0705563093622795,0.0162822252374491,2164,0.32,2406,0.36,883,0.13,7949
11,DCPS,347,Brookland Middle School,6th-8th,270.0,41.16,3.0,534.0,264.0,38.93874518,-76.99114684,Cluster 20,Ward 5,Middle,238.0,18.56,1.0,534.0,296.0,,,,,,,,,,,,,3793656.0,2327185.0,0.5056179775280899,0.445692883895131,,,,,,,,,,,,,,,,,,,125,0.1,371,0.28,179,0.14,1060
12,DCPS,404,Browne Education Campus,PK3-8th,371.0,28.62,2.0,828.0,457.0,38.90259888,-76.97066706,Cluster 23,Ward 5,Education Campus/Multi,325.0,32.78,2.0,828.0,503.0,343.0,131.0,98.0,60.0,30.0,317.0,157.0,69.0,35.0,12.0,10587752.007446,3360.0,5147917.0,3485916.0,0.4480676328502415,0.392512077294686,319.0,273.0,0.4106583072100313,0.353099730458221,0.3072100313479624,0.2641509433962264,0.1880877742946708,0.1617250673854447,0.0940438871473354,0.0808625336927223,0.575091575091575,0.2527472527472527,0.1282051282051282,0.0439560439560439,0.483076923076923,0.2123076923076923,0.1076923076923077,0.0369230769230769,275,0.1,1581,0.56,458,0.16,3453
13,DCPS,296,Bruce-Monroe Elementary School @ Park View,PK3-5th,451.0,69.1,4.0,609.0,158.0,38.9344141,-77.02118567,Cluster 2,Ward 1,Elementary,473.0,49.24,3.0,609.0,136.0,380.0,230.0,38.0,17.0,5.0,397.0,254.0,46.0,14.0,10.0,13989297.550336411,4780.0,6756915.0,4091070.0,0.7405582922824302,0.7766830870279147,290.0,324.0,0.7931034482758621,0.5099778270509978,0.1310344827586207,0.0842572062084257,0.0586206896551724,0.0376940133037694,0.0172413793103448,0.0110864745011086,0.7839506172839507,0.1419753086419753,0.0432098765432098,0.0308641975308641,0.5369978858350951,0.0972515856236786,0.0295983086680761,0.0211416490486257,2276,0.37,2467,0.42,889,0.14,8171
14,DCPS,219,Bunker Hill Elementary School,PK3-5th,221.0,34.72,2.0,577.0,356.0,38.94201247,-76.98499564,Cluster 20,Ward 5,Elementary,200.0,49.18,3.0,577.0,377.0,191.0,101.0,40.0,19.0,5.0,163.0,80.0,48.0,22.0,5.0,4573150.18098785,1500.0,2431546.0,1873046.0,0.3830155979202773,0.3466204506065858,165.0,155.0,0.6121212121212121,0.4570135746606334,0.2424242424242424,0.1809954751131221,0.1151515151515151,0.085972850678733,0.0303030303030303,0.0226244343891402,0.5161290322580645,0.3096774193548387,0.1419354838709677,0.032258064516129,0.4,0.24,0.11,0.025,125,0.1,371,0.28,179,0.14,1060
15,DCPS,220,Burroughs Elementary School,PK3-5th,273.0,62.14,4.0,450.0,177.0,38.93350266,-76.97845637,Cluster 22,Ward 5,Elementary,282.0,58.66,3.0,450.0,168.0,209.0,87.0,68.0,24.0,15.0,222.0,84.0,63.0,48.0,16.0,7657455.691328352,2500.0,3850677.0,2558075.0,0.6066666666666667,0.6266666666666667,194.0,211.0,0.4484536082474227,0.3186813186813186,0.3505154639175257,0.2490842490842491,0.1237113402061855,0.0879120879120879,0.0773195876288659,0.0549450549450549,0.3981042654028436,0.2985781990521327,0.2274881516587677,0.0758293838862559,0.2978723404255319,0.2234042553191489,0.1702127659574468,0.0567375886524822,212,0.09,1052,0.44,342,0.14,2235
16,DCPS,221,Burrville Elementary School,PK3-5th,295.0,61.44,4.0,400.0,105.0,38.90056577,-76.92445918,Cluster 31,Ward 7,Elementary,300.0,31.72,2.0,400.0,100.0,217.0,79.0,81.0,35.0,15.0,244.0,59.0,78.0,78.0,22.0,8266426.12198275,3780.0,4070932.0,3084782.0,0.7375,0.75,210.0,237.0,0.3761904761904762,0.2677966101694915,0.3857142857142857,0.2745762711864407,0.1666666666666666,0.1186440677966101,0.0714285714285714,0.0508474576271186,0.2489451476793249,0.3291139240506329,0.3291139240506329,0.0928270042194092,0.1966666666666666,0.26,0.26,0.0733333333333333,71,0.02,2089,0.61,612,0.18,3518
17,DCPS,247,C W Harris Elementary School,PK3-5th,232.0,22.08,2.0,0.0,0.0,38.88359883,-76.9261155,Cluster 33,Ward 7,Elementary,278.0,18.59,1.0,339.0,61.0,206.0,76.0,58.0,44.0,17.0,251.0,118.0,73.0,37.0,14.0,8655997.781639602,3090.0,4268503.0,2546152.0,inf,0.8200589970501475,195.0,242.0,0.3897435897435897,0.3275862068965517,0.2974358974358974,0.25,0.2256410256410256,0.1896551724137931,0.0871794871794871,0.0732758620689655,0.4876033057851239,0.3016528925619834,0.152892561983471,0.0578512396694214,0.4244604316546763,0.2625899280575539,0.1330935251798561,0.0503597122302158,177,0.04,2632,0.57,748,0.16,3242
18,DCPS,360,Capitol Hill Montessori School @ Logan,PK3-8th,362.0,65.7,4.0,392.0,30.0,38.89853031,-77.00256647,Cluster 25,Ward 6,Education Campus/Multi,365.0,54.34,3.0,392.0,27.0,259.0,147.0,47.0,24.0,12.0,259.0,137.0,71.0,29.0,5.0,6855939.997392878,3390.0,3697662.0,3306988.0,0.923469387755102,0.9311224489795918,230.0,242.0,0.6391304347826087,0.4060773480662983,0.2043478260869565,0.1298342541436464,0.1043478260869565,0.0662983425414364,0.0521739130434782,0.0331491712707182,0.5661157024793388,0.2933884297520661,0.1198347107438016,0.0206611570247933,0.3753424657534246,0.1945205479452054,0.0794520547945205,0.0136986301369863,75,0.02,1009,0.33,387,0.13,4903
19,DCPS,454,Cardozo Education Campus,6th-12th,746.0,16.17,1.0,1070.0,324.0,38.92217286,-77.02847069,Cluster 2,Ward 1,Education Campus/Multi,788.0,15.12,1.0,1070.0,282.0,717.0,95.0,95.0,153.0,364.0,730.0,111.0,125.0,164.0,316.0,25095524.008020498,8440.0,13473353.0,6689482.0,0.697196261682243,0.7364485981308411,707.0,716.0,0.1343705799151343,0.1273458445040214,0.1343705799151343,0.1273458445040214,0.2164073550212164,0.2050938337801608,0.5148514851485149,0.4879356568364611,0.1550279329608938,0.1745810055865921,0.2290502793296089,0.441340782122905,0.1408629441624365,0.1586294416243654,0.2081218274111675,0.4010152284263959,2276,0.37,2467,0.42,889,0.14,8171
20,DCPS,224,Cleveland Elementary School,PK3-5th,304.0,49.16,3.0,346.0,42.0,38.91514529,-77.02270718,Cluster 3,Ward 1,Elementary,317.0,47.37,3.0,346.0,29.0,241.0,123.0,48.0,30.0,5.0,247.0,148.0,39.0,14.0,5.0,7495484.353334954,3170.0,4012949.0,2879049.0,0.8786127167630058,0.916184971098266,206.0,206.0,0.5970873786407767,0.4046052631578947,0.233009708737864,0.1578947368421052,0.145631067961165,0.0986842105263157,0.0242718446601941,0.0164473684210526,0.7184466019417476,0.1893203883495145,0.0679611650485436,0.0242718446601941,0.4668769716088328,0.1230283911671924,0.0441640378548895,0.0157728706624605,88,0.15,227,0.41,80,0.14,1305
21,DCPS,442,Columbia Heights Education Campus (CHEC),6th-12th,1320.0,58.12,3.0,1400.0,80.0,38.92954477,-77.03585831,Cluster 2,Ward 1,Education Campus/Multi,1240.0,58.59,3.0,1400.0,160.0,1304.0,418.0,257.0,281.0,245.0,1245.0,390.0,268.0,307.0,203.0,29569861.24634514,14010.0,15103919.0,8377643.0,0.9428571428571428,0.8857142857142857,1201.0,1168.0,0.3480432972522898,0.3166666666666666,0.2139883430474604,0.1946969696969697,0.2339716902581182,0.2128787878787879,0.2039966694421315,0.1856060606060606,0.3339041095890411,0.2294520547945205,0.2628424657534247,0.1738013698630137,0.314516129032258,0.2161290322580645,0.2475806451612903,0.1637096774193548,2276,0.37,2467,0.42,889,0.14,8171
22,DCPS,455,Coolidge High School,9th-12th,327.0,14.79,1.0,0.0,0.0,38.96728457,-77.01957835,Cluster 17,Ward 4,High,310.0,13.24,1.0,1105.0,795.0,330.0,61.0,47.0,63.0,143.0,329.0,101.0,53.0,58.0,87.0,13010968.0001285,4010.0,6724146.0,3558676.0,inf,0.2805429864253393,314.0,299.0,0.1942675159235669,0.1865443425076452,0.1496815286624203,0.1437308868501529,0.2006369426751592,0.1926605504587156,0.4554140127388535,0.437308868501529,0.3377926421404682,0.177257525083612,0.1939799331103679,0.2909698996655518,0.3258064516129032,0.1709677419354838,0.1870967741935484,0.2806451612903226,1531,0.37,1470,0.36,503,0.12,4456
23,DCPS,405,Deal Middle School,6th-8th,1507.0,88.93,5.0,1570.0,63.0,38.95289674,-77.07519907,Cluster 11,Ward 3,Middle,1475.0,88.22,5.0,1570.0,95.0,1547.0,1026.0,132.0,46.0,22.0,1520.0,1024.0,122.0,42.0,15.0,23619740.0,13320.0,12417393.0,8486178.0,0.9598726114649682,0.9394904458598726,1226.0,1203.0,0.8368678629690048,0.6808228268082283,0.1076672104404567,0.0875912408759124,0.0375203915171288,0.0305242203052422,0.0179445350734094,0.0145985401459854,0.8512053200332502,0.1014131338320864,0.0349127182044887,0.0124688279301745,0.6942372881355933,0.0827118644067796,0.0284745762711864,0.0101694915254237,48,0.03,40,0.03,94,0.07,4041
24,DCPS,349,Dorothy Height Elementary School,PK3-5th,480.0,60.16,4.0,635.0,155.0,38.94470049,-77.03054061,Cluster 18,Ward 4,Elementary,479.0,59.19,3.0,635.0,156.0,342.0,183.0,72.0,35.0,5.0,343.0,179.0,84.0,41.0,11.0,12310488.809812194,5920.0,6502401.0,4288047.0,0.7559055118110236,0.7543307086614173,295.0,315.0,0.6203389830508474,0.38125,0.2440677966101695,0.15,0.1186440677966101,0.0729166666666666,0.0169491525423728,0.0104166666666666,0.5682539682539682,0.2666666666666666,0.1301587301587301,0.0349206349206349,0.3736951983298539,0.1753653444676409,0.0855949895615866,0.022964509394572,2164,0.32,2406,0.36,883,0.13,7949
25,DCPS,231,Drew Elementary School,PK3-5th,236.0,20.4,2.0,362.0,126.0,38.89599397,-76.91992701,Cluster 31,Ward 7,Elementary,272.0,30.73,2.0,362.0,90.0,220.0,95.0,59.0,38.0,20.0,253.0,90.0,94.0,47.0,14.0,6514431.605821138,2200.0,3521707.0,2350996.0,0.6519337016574586,0.7513812154696132,212.0,245.0,0.4481132075471698,0.4025423728813559,0.2783018867924528,0.25,0.1792452830188679,0.1610169491525423,0.0943396226415094,0.0847457627118644,0.3673469387755102,0.3836734693877551,0.1918367346938775,0.0571428571428571,0.3308823529411764,0.3455882352941176,0.1727941176470588,0.0514705882352941,71,0.02,2089,0.61,612,0.18,3518
26,DCPS,467,Dunbar High School,9th-12th,667.0,22.24,2.0,1135.0,468.0,38.90762655,-77.01269148,Cluster 21,Ward 5,High,617.0,26.57,2.0,1135.0,518.0,718.0,27.0,43.0,135.0,508.0,671.0,37.0,61.0,164.0,398.0,17457680.481097747,6860.0,8919967.0,5286569.0,0.5876651982378854,0.5436123348017621,713.0,660.0,0.0378681626928471,0.04047976011994,0.0603085553997194,0.0644677661169415,0.1893408134642356,0.2023988005997001,0.7124824684431977,0.7616191904047976,0.056060606060606,0.0924242424242424,0.2484848484848484,0.603030303030303,0.059967585089141,0.0988654781199351,0.2658022690437601,0.6450567260940032,302,0.11,1154,0.44,377,0.14,5837
27,DCPS,457,Eastern High School,9th-12th,744.0,25.45,2.0,1100.0,356.0,38.89040266,-76.97968429,Cluster 26,Ward 6,High,769.0,31.67,2.0,1100.0,331.0,776.0,59.0,86.0,170.0,458.0,773.0,94.0,109.0,174.0,380.0,22845763.942949336,10700.0,10952631.0,5851047.0,0.6763636363636364,0.6990909090909091,773.0,757.0,0.0763260025873221,0.0793010752688172,0.111254851228978,0.1155913978494623,0.2199223803363518,0.2284946236559139,0.592496765847348,0.6155913978494624,0.1241743725231175,0.1439894319682959,0.2298546895640686,0.5019815059445178,0.1222366710013004,0.141742522756827,0.2262678803641092,0.494148244473342,73,0.03,672,0.26,269,0.1,3988
28,DCPS,232,Eaton Elementary School,PK4-5th,474.0,72.54,4.0,451.0,0.0,38.93272707,-77.06582114,Cluster 15,Ward 3,Elementary,476.0,88.24,5.0,451.0,0.0,456.0,260.0,23.0,5.0,5.0,453.0,256.0,5.0,0.0,0.0,8591750.0,4770.0,4295001.0,3602054.0,1.0509977827050998,1.0554323725055432,293.0,261.0,0.8873720136518771,0.5485232067510548,0.0784982935153583,0.0485232067510548,0.0170648464163822,0.010548523206751,0.0170648464163822,0.010548523206751,0.9808429118773946,0.0191570881226053,0.0,0.0,0.5378151260504201,0.0105042016806722,0.0,0.0,62,0.1,30,0.05,43,0.07,1465
29,DCPS,407,Eliot-Hine Middle School,6th-8th,232.0,31.2,2.0,0.0,0.0,38.89243149,-76.97897792,Cluster 25,Ward 6,Middle,203.0,7.43,1.0,717.0,514.0,265.0,72.0,48.0,67.0,69.0,227.0,55.0,54.0,56.0,48.0,7871144.3181985505,2390.0,3738793.0,2137601.0,inf,0.2831241283124128,256.0,213.0,0.28125,0.3103448275862069,0.1875,0.2068965517241379,0.26171875,0.2887931034482758,0.26953125,0.2974137931034483,0.2582159624413145,0.2535211267605634,0.2629107981220657,0.2253521126760563,0.270935960591133,0.2660098522167488,0.2758620689655172,0.2364532019704433,75,0.02,1009,0.33,387,0.13,4903
30,DCPS,471,Ellington School of the Arts,9th-12th,545.0,74.13,4.0,600.0,55.0,38.91344638,-77.07030757,Cluster 4,Ward 2,High,566.0,72.66,4.0,600.0,34.0,567.0,112.0,142.0,147.0,159.0,558.0,224.0,101.0,111.0,82.0,12437825.653188117,5270.0,6791997.0,3355125.0,0.9083333333333332,0.9433333333333334,560.0,518.0,0.2,0.2055045871559633,0.2535714285714285,0.2605504587155963,0.2625,0.2697247706422018,0.2839285714285714,0.291743119266055,0.4324324324324324,0.1949806949806949,0.2142857142857142,0.1583011583011583,0.3957597173144876,0.1784452296819788,0.196113074204947,0.1448763250883392,36,0.15,11,0.05,16,0.07,392
31,DCPS,318,Excel Academy,PK3-8th,469.0,43.87,3.0,0.0,0.0,38.85976209,-76.99535457,Cluster 37,Ward 8,Education Campus/Multi,,,,,,,,,,,,,,,,,,,,inf,,,,,,,,,,,,,,,,,,,,17,0.01,1716,0.68,446,0.17,3864
32,DCPS,238,Garfield Elementary School,PK3-5th,291.0,21.94,2.0,381.0,90.0,38.85173338,-76.97080478,Cluster 36,Ward 8,Elementary,301.0,32.1,2.0,381.0,80.0,274.0,112.0,99.0,22.0,25.0,281.0,127.0,103.0,21.0,5.0,7432684.903997406,2970.0,4272427.0,2770000.0,0.7637795275590551,0.7900262467191601,258.0,256.0,0.4341085271317829,0.3848797250859107,0.3837209302325581,0.3402061855670103,0.0852713178294573,0.0756013745704467,0.0968992248062015,0.0859106529209622,0.49609375,0.40234375,0.08203125,0.01953125,0.4219269102990033,0.3421926910299003,0.0697674418604651,0.0166112956810631,10,0,1602,0.74,416,0.19,1321
33,DCPS,239,Garrison Elementary School,PK3-5th,277.0,78.16,4.0,356.0,79.0,38.91390129,-77.02861256,Cluster 7,Ward 2,Elementary,250.0,57.94,3.0,356.0,106.0,217.0,113.0,32.0,18.0,5.0,192.0,130.0,30.0,5.0,5.0,8010140.237101566,2600.0,4031624.0,2377449.0,0.7780898876404494,0.702247191011236,168.0,170.0,0.6726190476190477,0.407942238267148,0.1904761904761904,0.1155234657039711,0.1071428571428571,0.0649819494584837,0.0297619047619047,0.0180505415162454,0.7647058823529411,0.1764705882352941,0.0294117647058823,0.0294117647058823,0.52,0.12,0.02,0.02,396,0.25,716,0.47,221,0.14,1903
34,DCPS,227,H D Cooke Elementary School,PK3-5th,387.0,52.53,3.0,441.0,54.0,38.92394309,-77.03881058,Cluster 1,Ward 1,Elementary,404.0,71.4,4.0,441.0,37.0,330.0,162.0,67.0,53.0,,337.0,163.0,64.0,47.0,19.0,11088895.895026036,3950.0,5632610.0,3578084.0,0.8775510204081632,0.9160997732426304,,293.0,,0.4186046511627907,,0.1731266149870801,,0.1369509043927648,,,0.5563139931740614,0.2184300341296928,0.1604095563139931,0.0648464163822525,0.4034653465346535,0.1584158415841584,0.1163366336633663,0.047029702970297,203,0.27,174,0.23,82,0.11,1504
35,DCPS,246,Hardy Middle School,6th-8th,451.0,90.44,5.0,485.0,34.0,38.91550903,-77.0686139,Cluster 4,Ward 2,Middle,392.0,82.74,5.0,485.0,93.0,476.0,301.0,42.0,10.0,17.0,405.0,282.0,16.0,5.0,5.0,8879999.998946,3800.0,4464986.0,3313663.0,0.9298969072164948,0.8082474226804124,370.0,308.0,0.8135135135135135,0.6674057649667405,0.1135135135135135,0.0931263858093126,0.027027027027027,0.0221729490022172,0.0459459459459459,0.0376940133037694,0.9155844155844156,0.0519480519480519,0.0162337662337662,0.0162337662337662,0.7193877551020408,0.0408163265306122,0.0127551020408163,0.0127551020408163,36,0.15,11,0.05,16,0.07,392
36,DCPS,413,Hart Middle School,6th-8th,357.0,44.2,3.0,1105.0,748.0,38.83773787,-76.99717875,Cluster 39,Ward 8,Middle,337.0,20.83,2.0,1105.0,768.0,421.0,169.0,137.0,72.0,5.0,392.0,173.0,121.0,47.0,29.0,13644616.118516931,4310.0,6481193.0,2915118.0,0.3230769230769231,0.3049773755656109,383.0,370.0,0.4412532637075718,0.4733893557422969,0.3577023498694517,0.3837535014005602,0.1879895561357702,0.2016806722689075,0.0130548302872062,0.0140056022408963,0.4675675675675675,0.327027027027027,0.127027027027027,0.0783783783783783,0.5133531157270029,0.3590504451038576,0.1394658753709199,0.086053412462908,66,0.01,5609,0.68,1443,0.17,9122
37,DCPS,258,Hearst Elementary School,PK4-5th,331.0,66.61,4.0,344.0,13.0,38.94072265,-77.07195522,Cluster 15,Ward 3,Elementary,312.0,75.17,4.0,344.0,32.0,303.0,172.0,24.0,5.0,,278.0,183.0,24.0,5.0,0.0,7331423.969367942,3000.0,3675236.0,2703376.0,0.9622093023255814,0.9069767441860463,,212.0,,0.5196374622356495,,0.0725075528700906,,0.0151057401812688,,,0.8632075471698113,0.1132075471698113,0.0235849056603773,0.0,0.5865384615384616,0.0769230769230769,0.016025641025641,0.0,62,0.1,30,0.05,43,0.07,1465
38,DCPS,249,Hendley Elementary School,PK3-5th,366.0,35.84,2.0,479.0,113.0,38.82898591,-76.99918485,Cluster 39,Ward 8,Elementary,379.0,27.46,2.0,479.0,100.0,365.0,84.0,121.0,104.0,31.0,387.0,82.0,108.0,115.0,75.0,11042737.178587636,5100.0,5644737.0,3831414.0,0.7640918580375783,0.791231732776618,340.0,380.0,0.2470588235294117,0.2295081967213114,0.3558823529411765,0.3306010928961748,0.3058823529411765,0.2841530054644808,0.0911764705882352,0.0846994535519125,0.2157894736842105,0.2842105263157894,0.3026315789473684,0.1973684210526315,0.2163588390501319,0.2849604221635884,0.3034300791556728,0.1978891820580474,66,0.01,5609,0.68,1443,0.17,9122
39,DCPS,251,Houston Elementary School,PK3-5th,277.0,26.18,2.0,0.0,0.0,38.90541532,-76.92994765,Cluster 31,Ward 7,Elementary,269.0,30.0,2.0,419.0,150.0,226.0,100.0,57.0,38.0,5.0,227.0,92.0,64.0,47.0,20.0,7296074.686244477,2910.0,3809965.0,2275149.0,inf,0.6420047732696897,200.0,223.0,0.5,0.3610108303249097,0.285,0.2057761732851985,0.19,0.1371841155234657,0.025,0.0180505415162454,0.4125560538116592,0.2869955156950672,0.210762331838565,0.0896860986547085,0.3420074349442379,0.2379182156133829,0.174721189591078,0.0743494423791821,71,0.02,2089,0.61,612,0.18,3518
40,DCPS,252,Hyde-Addison Elementary School,PK3-5th,352.0,60.69,4.0,0.0,0.0,38.92282623,-77.02659252,Cluster 2,Ward 1,Elementary,320.0,87.57,5.0,0.0,0.0,318.0,167.0,38.0,5.0,18.0,272.0,172.0,43.0,5.0,0.0,6897653.434736639,3220.0,3331477.0,2867084.0,inf,inf,228.0,220.0,0.7324561403508771,0.4744318181818182,0.1666666666666666,0.1079545454545454,0.0219298245614035,0.0142045454545454,0.0789473684210526,0.0511363636363636,0.7818181818181819,0.1954545454545454,0.0227272727272727,0.0,0.5375,0.134375,0.015625,0.0,2276,0.37,2467,0.42,889,0.14,8171
41,DCPS,480,Inspiring Youth Program (formerly Incarcerated Youth Program),Alternative,32.0,,,0.0,0.0,38.88343091,-76.97637892,Cluster 26,Ward 7,Adult/Alt,40.0,,,0.0,0.0,,,,,,,,,,,2850521.996726983,240.0,,,inf,inf,,,,,,,,,,,,,,,,,,,73,0.03,672,0.26,269,0.1,3988
42,DCPS,339,1,PK3-5th,477.0,50.77,3.0,513.0,36.0,38.902758,-76.99658902,Cluster 25,Ward 6,Elementary,509.0,59.25,3.0,513.0,4.0,399.0,146.0,108.0,83.0,,421.0,180.0,120.0,71.0,23.0,11515283.958114004,4930.0,5906913.0,4219416.0,0.9298245614035088,0.9922027290448344,,394.0,,0.3060796645702306,,0.2264150943396226,,0.1740041928721174,,,0.4568527918781725,0.3045685279187817,0.1802030456852792,0.0583756345177665,0.3536345776031434,0.2357563850687623,0.1394891944990176,0.0451866404715127,75,0.02,1009,0.33,387,0.13,4903
43,DCPS,254,Janney Elementary School,PK4-5th,739.0,83.03,5.0,722.0,0.0,38.94755042,-77.08099483,Cluster 11,Ward 3,Elementary,737.0,88.2,5.0,722.0,0.0,687.0,427.0,24.0,5.0,5.0,680.0,506.0,24.0,5.0,0.0,13141750.0,7300.0,6602473.0,5039961.0,1.0235457063711912,1.020775623268698,461.0,535.0,0.9262472885032538,0.577807848443843,0.0520607375271149,0.0324763193504736,0.0108459869848156,0.006765899864682,0.0108459869848156,0.006765899864682,0.9457943925233644,0.0448598130841121,0.0093457943925233,0.0,0.6865671641791045,0.0325644504748982,0.0067842605156037,0.0,48,0.03,40,0.03,94,0.07,4041
44,DCPS,416,"Johnson, John Hayden Middle School",6th-8th,275.0,25.55,2.0,744.0,469.0,38.85133691,-76.98370368,Cluster 38,Ward 8,Middle,255.0,21.01,2.0,744.0,489.0,321.0,37.0,72.0,121.0,62.0,293.0,74.0,92.0,76.0,48.0,8849974.481769396,2990.0,4256026.0,2532462.0,0.3696236559139785,0.3427419354838709,292.0,290.0,0.1267123287671233,0.1345454545454545,0.2465753424657534,0.2618181818181818,0.4143835616438356,0.44,0.2123287671232876,0.2254545454545454,0.2551724137931034,0.3172413793103448,0.2620689655172414,0.1655172413793103,0.2901960784313726,0.3607843137254902,0.2980392156862745,0.188235294117647,40,0.01,2566,0.68,680,0.17,1155
45,DCPS,421,Kelly Miller Middle School,6th-8th,482.0,25.91,2.0,720.0,238.0,38.89331541,-76.93245515,Cluster 31,Ward 7,Middle,387.0,20.45,2.0,720.0,333.0,557.0,89.0,118.0,175.0,,470.0,152.0,104.0,125.0,75.0,12895960.001537124,5650.0,6125581.0,3515590.0,0.6694444444444444,0.5375,,456.0,,0.1846473029045643,,0.2448132780082987,,0.3630705394190871,,,0.3333333333333333,0.2280701754385964,0.2741228070175439,0.1644736842105263,0.3927648578811369,0.268733850129199,0.3229974160206718,0.1937984496124031,71,0.02,2089,0.61,612,0.18,3518
46,DCPS,257,Ketcham Elementary School,PK3-5th,300.0,42.18,3.0,325.0,25.0,38.86604269,-76.98362116,Cluster 28,Ward 8,Elementary,310.0,49.0,3.0,325.0,15.0,256.0,57.0,67.0,69.0,89.0,269.0,67.0,88.0,90.0,20.0,7445356.124901836,3200.0,3911474.0,2687586.0,0.9230769230769232,0.953846153846154,282.0,265.0,0.202127659574468,0.19,0.2375886524822695,0.2233333333333333,0.2446808510638297,0.23,0.3156028368794326,0.2966666666666667,0.2528301886792453,0.3320754716981132,0.3396226415094339,0.0754716981132075,0.2161290322580645,0.2838709677419355,0.2903225806451613,0.064516129032258,13,0.01,1029,0.69,265,0.18,614
47,DCPS,272,Key Elementary School,PK4-5th,399.0,76.58,4.0,532.0,133.0,38.92680184,-77.10052732,Cluster 13,Ward 3,Elementary,417.0,76.61,4.0,432.0,15.0,364.0,203.0,24.0,5.0,171.0,386.0,259.0,32.0,5.0,0.0,7272976.524901374,3950.0,3793751.0,3247182.0,0.75,0.9652777777777778,403.0,296.0,0.5037220843672456,0.5087719298245614,0.0595533498759305,0.0601503759398496,0.0124069478908188,0.012531328320802,0.4243176178660049,0.4285714285714285,0.875,0.1081081081081081,0.0168918918918918,0.0,0.6211031175059952,0.0767386091127098,0.0119904076738609,0.0,43,0.06,26,0.03,52,0.07,817
48,DCPS,259,Kimball Elementary School,PK3-5th,343.0,60.14,4.0,0.0,0.0,38.87906828,-76.93761631,Cluster 33,Ward 7,Elementary,325.0,27.81,2.0,0.0,0.0,316.0,185.0,88.0,20.0,44.0,303.0,180.0,91.0,15.0,5.0,8034221.706259391,3520.0,4136103.0,3049204.0,inf,inf,337.0,291.0,0.5489614243323442,0.5393586005830904,0.2611275964391691,0.2565597667638484,0.059347181008902,0.0583090379008746,0.1305637982195845,0.1282798833819242,0.6185567010309279,0.3127147766323024,0.0515463917525773,0.0171821305841924,0.5538461538461539,0.28,0.0461538461538461,0.0153846153846153,177,0.04,2632,0.57,748,0.16,3242
49,DCPS,344,"King, M L Elementary School",PK3-5th,295.0,35.37,2.0,444.0,149.0,38.84244319,-76.99823899,Cluster 39,Ward 8,Elementary,346.0,25.44,2.0,444.0,98.0,270.0,53.0,57.0,86.0,5.0,312.0,86.0,72.0,90.0,50.0,9129363.996213082,3880.0,4995703.0,3514917.0,0.6644144144144144,0.7792792792792793,201.0,298.0,0.263681592039801,0.1796610169491525,0.2835820895522388,0.1932203389830508,0.4278606965174129,0.2915254237288135,0.0248756218905472,0.0169491525423728,0.2885906040268456,0.2416107382550335,0.3020134228187919,0.1677852348993288,0.2485549132947976,0.2080924855491329,0.2601156069364161,0.1445086705202312,66,0.01,5609,0.68,1443,0.17,9122
50,DCPS,417,Kramer Middle School,6th-8th,208.0,1.61,1.0,600.0,392.0,38.8712864,-76.9801713,Cluster 34,Ward 8,Middle,194.0,5.72,1.0,600.0,406.0,254.0,17.0,31.0,58.0,5.0,237.0,34.0,50.0,64.0,84.0,8934924.0022365,3180.0,4332477.0,2179548.0,0.3466666666666667,0.3233333333333333,111.0,232.0,0.1531531531531531,0.0817307692307692,0.2792792792792792,0.1490384615384615,0.5225225225225225,0.2788461538461538,0.045045045045045,0.0240384615384615,0.146551724137931,0.2155172413793103,0.2758620689655172,0.3620689655172414,0.1752577319587628,0.2577319587628865,0.3298969072164948,0.4329896907216495,47,0.02,1682,0.56,483,0.16,1786
51,DCPS,261,Lafayette Elementary School,PK4-5th,887.0,81.51,5.0,805.0,0.0,38.96662755,-77.06803712,Cluster 10,Ward 4,Elementary,816.0,73.92,4.0,805.0,0.0,803.0,438.0,11.0,5.0,70.0,737.0,402.0,5.0,5.0,0.0,12665080.0,6930.0,6366155.0,5371216.0,1.101863354037267,1.013664596273292,524.0,412.0,0.8358778625954199,0.4937993235625704,0.0209923664122137,0.012401352874859,0.0095419847328244,0.0056369785794813,0.1335877862595419,0.0789177001127395,0.9757281553398058,0.012135922330097,0.012135922330097,0.0,0.4926470588235294,0.0061274509803921,0.0061274509803921,0.0,63,0.04,62,0.04,106,0.06,816
52,DCPS,262,Langdon Elementary School,PK3-5th,353.0,65.73,4.0,500.0,147.0,38.92470416,-76.97708185,Cluster 22,Ward 5,Elementary,324.0,72.65,4.0,500.0,176.0,340.0,158.0,91.0,48.0,146.0,292.0,138.0,70.0,39.0,14.0,6921951.503670291,2610.0,3895729.0,2804787.0,0.706,0.648,443.0,261.0,0.3566591422121896,0.4475920679886686,0.2054176072234763,0.2577903682719547,0.1083521444695259,0.1359773371104816,0.3295711060948081,0.4135977337110481,0.5287356321839081,0.2681992337164751,0.1494252873563218,0.053639846743295,0.4259259259259259,0.2160493827160493,0.1203703703703703,0.0432098765432098,212,0.09,1052,0.44,342,0.14,2235
53,DCPS,370,Langley Elementary School,PK3-5th,290.0,32.07,2.0,530.0,240.0,38.91516879,-77.00588662,Cluster 21,Ward 5,Elementary,275.0,14.26,1.0,530.0,255.0,232.0,78.0,71.0,48.0,5.0,250.0,107.0,68.0,42.0,21.0,8813882.94834839,3100.0,4355320.0,2581967.0,0.5471698113207547,0.5188679245283019,202.0,238.0,0.3861386138613861,0.2689655172413793,0.3514851485148514,0.2448275862068965,0.2376237623762376,0.1655172413793103,0.0247524752475247,0.0172413793103448,0.4495798319327731,0.2857142857142857,0.1764705882352941,0.088235294117647,0.3890909090909091,0.2472727272727272,0.1527272727272727,0.0763636363636363,302,0.11,1154,0.44,377,0.14,5837
54,DCPS,264,LaSalle-Backus Education Campus,PK3-8th,382.0,64.1,4.0,400.0,18.0,38.95997214,-76.99988254,Cluster 19,Ward 4,Education Campus/Multi,363.0,55.23,3.0,400.0,37.0,386.0,183.0,84.0,48.0,23.0,352.0,175.0,76.0,40.0,25.0,11204438.0042095,3520.0,5534604.0,3244381.0,0.955,0.9075,338.0,316.0,0.5414201183431953,0.4790575916230366,0.2485207100591716,0.2198952879581152,0.1420118343195266,0.1256544502617801,0.0680473372781065,0.0602094240837696,0.5537974683544303,0.240506329113924,0.1265822784810126,0.0791139240506329,0.4820936639118457,0.209366391184573,0.1101928374655647,0.0688705234159779,802,0.29,1086,0.41,403,0.15,2550
55,DCPS,266,Leckie Education Campus,PK3-8th,529.0,32.15,2.0,580.0,51.0,38.82819678,-77.01289191,Cluster 39,Ward 8,Education Campus/Multi,558.0,33.85,2.0,580.0,22.0,465.0,176.0,127.0,114.0,,490.0,197.0,154.0,102.0,17.0,10202107.77872032,4740.0,5409962.0,4062673.0,0.9120689655172414,0.9620689655172414,,470.0,,0.332703213610586,,0.2400756143667296,,0.2155009451795841,,,0.4191489361702127,0.3276595744680851,0.2170212765957447,0.0361702127659574,0.3530465949820788,0.2759856630824372,0.1827956989247312,0.0304659498207885,66,0.01,5609,0.68,1443,0.17,9122
56,DCPS,271,Ludlow-Taylor Elementary School,PK3-5th,439.0,51.87,3.0,493.0,54.0,38.89874414,-76.99649249,Cluster 25,Ward 6,Elementary,414.0,77.61,4.0,493.0,79.0,335.0,222.0,32.0,5.0,34.0,314.0,184.0,53.0,18.0,5.0,8931684.255332343,3510.0,4973431.0,3440238.0,0.8904665314401623,0.8397565922920892,293.0,260.0,0.757679180887372,0.5056947608200456,0.1092150170648464,0.0728929384965831,0.0170648464163822,0.0113895216400911,0.1160409556313993,0.0774487471526196,0.7076923076923077,0.2038461538461538,0.0692307692307692,0.0192307692307692,0.4444444444444444,0.1280193236714976,0.0434782608695652,0.0120772946859903,75,0.02,1009,0.33,387,0.13,4903
57,DCPS,884,Luke Moore Alternative High School,9th-12th,288.0,,,350.0,62.0,38.93227638,-76.99231633,Cluster 22,Ward 5,High,251.0,29.69,2.0,350.0,99.0,165.0,5.0,5.0,13.0,5.0,184.0,17.0,16.0,35.0,111.0,7232096.006766069,3620.0,3618704.0,2887150.0,0.8228571428571428,0.7171428571428572,28.0,179.0,0.1785714285714285,0.0173611111111111,0.1785714285714285,0.0173611111111111,0.4642857142857143,0.0451388888888888,0.1785714285714285,0.0173611111111111,0.0949720670391061,0.0893854748603352,0.1955307262569832,0.6201117318435754,0.0677290836653386,0.0637450199203187,0.1394422310756972,0.4422310756972111,212,0.09,1052,0.44,342,0.14,2235
58,DCPS,420,MacFarland Middle School,6th-8th,354.0,31.12,2.0,590.0,236.0,38.94360856,-77.02777641,Cluster 18,Ward 4,Middle,132.0,55.13,3.0,590.0,458.0,387.0,176.0,71.0,57.0,130.0,144.0,90.0,15.0,5.0,5.0,,,1637757.0,1235843.0,0.6,0.223728813559322,434.0,115.0,0.4055299539170507,0.4971751412429379,0.1635944700460829,0.2005649717514124,0.1313364055299539,0.1610169491525423,0.2995391705069124,0.3672316384180791,0.782608695652174,0.1304347826086956,0.0434782608695652,0.0434782608695652,0.6818181818181818,0.1136363636363636,0.0378787878787878,0.0378787878787878,2164,0.32,2406,0.36,883,0.13,7949
59,DCPS,308,Malcolm X Elementary School @ Green,PK3-5th,242.0,42.32,3.0,520.0,278.0,38.8416454,-76.98339857,Cluster 38,Ward 8,Elementary,256.0,41.51,3.0,520.0,264.0,212.0,81.0,39.0,50.0,39.0,234.0,100.0,77.0,53.0,0.0,6366471.149535671,2290.0,3473247.0,2415497.0,0.4653846153846154,0.4923076923076923,209.0,230.0,0.3875598086124402,0.3347107438016529,0.1866028708133971,0.1611570247933884,0.2392344497607655,0.2066115702479339,0.1866028708133971,0.1611570247933884,0.4347826086956521,0.3347826086956522,0.2304347826086956,0.0,0.390625,0.30078125,0.20703125,0.0,40,0.01,2566,0.68,680,0.17,1155
60,DCPS,273,Mann Elementary School,PK4-5th,397.0,85.65,5.0,428.0,31.0,38.93429231,-77.08782619,Cluster 13,Ward 3,Elementary,400.0,87.12,5.0,428.0,28.0,374.0,235.0,17.0,5.0,5.0,375.0,204.0,5.0,5.0,0.0,6945972.0022365,3350.0,3721473.0,3138698.0,0.927570093457944,0.9345794392523364,262.0,214.0,0.8969465648854962,0.5919395465994962,0.0648854961832061,0.0428211586901763,0.0190839694656488,0.0125944584382871,0.0190839694656488,0.0125944584382871,0.9532710280373832,0.0233644859813084,0.0233644859813084,0.0,0.51,0.0125,0.0125,0.0,43,0.06,26,0.03,52,0.07,817
61,DCPS,284,Marie Reed Elementary School,PK3-5th,437.0,67.93,4.0,486.0,49.0,38.91911214,-77.04082224,Cluster 1,Ward 1,Elementary,427.0,83.7,5.0,486.0,59.0,358.0,196.0,58.0,24.0,5.0,344.0,182.0,62.0,30.0,5.0,10435364.13395225,3940.0,5364019.0,3545238.0,0.8991769547325102,0.8786008230452675,283.0,279.0,0.6925795053003534,0.448512585812357,0.2049469964664311,0.1327231121281464,0.0848056537102473,0.0549199084668192,0.0176678445229682,0.011441647597254,0.6523297491039427,0.2222222222222222,0.1075268817204301,0.017921146953405,0.4262295081967213,0.1451990632318501,0.0702576112412178,0.0117096018735363,203,0.27,174,0.23,82,0.11,1504
62,DCPS,274,Maury Elementary School,PK3-5th,407.0,83.15,5.0,0.0,0.0,38.89243712,-76.97856502,Cluster 25,Ward 6,Elementary,407.0,94.38,5.0,388.0,0.0,339.0,196.0,21.0,12.0,5.0,330.0,204.0,48.0,5.0,0.0,7265554.311210605,3780.0,3846236.0,3337536.0,inf,1.0489690721649485,234.0,257.0,0.8376068376068376,0.4815724815724815,0.0897435897435897,0.0515970515970515,0.0512820512820512,0.0294840294840294,0.0213675213675213,0.0122850122850122,0.7937743190661478,0.1867704280155642,0.0194552529182879,0.0,0.5012285012285013,0.1179361179361179,0.0122850122850122,0.0,75,0.02,1009,0.33,387,0.13,4903
63,DCPS,435,McKinley Middle School,6th-8th,231.0,18.81,1.0,,,38.91522012,-77.00412244,Cluster 21,Ward 5,Education Campus/Multi,241.0,26.23,2.0,,,259.0,5.0,38.0,93.0,118.0,269.0,26.0,51.0,84.0,106.0,6069202.000127314,2500.0,3112876.0,1889210.0,,,254.0,267.0,0.0196850393700787,0.0216450216450216,0.1496062992125984,0.1645021645021645,0.3661417322834646,0.4025974025974026,0.4645669291338583,0.5108225108225108,0.097378277153558,0.1910112359550561,0.3146067415730337,0.3970037453183521,0.1078838174273859,0.2116182572614107,0.3485477178423236,0.4398340248962655,302,0.11,1154,0.44,377,0.14,5837
64,DCPS,458,McKinley Technology High School,9th-12th,633.0,87.04,5.0,,,38.91522012,-77.00412244,Cluster 21,Ward 5,,620.0,85.43,5.0,,,631.0,125.0,206.0,220.0,67.0,615.0,209.0,206.0,138.0,39.0,14105815.999685835,6460.0,7518785.0,4611122.0,,,618.0,592.0,0.2022653721682848,0.1974723538704581,0.3333333333333333,0.325434439178515,0.3559870550161812,0.3475513428120063,0.1084142394822006,0.1058451816745655,0.3530405405405405,0.3479729729729729,0.2331081081081081,0.0658783783783783,0.3370967741935484,0.332258064516129,0.2225806451612903,0.0629032258064516,302,0.11,1154,0.44,377,0.14,5837
65,DCPS,280,Miner Elementary School,PK3-5th,361.0,24.53,2.0,550.0,189.0,38.89737602,-76.98290432,Cluster 25,Ward 6,Elementary,345.0,45.31,3.0,550.0,205.0,284.0,126.0,64.0,48.0,25.0,268.0,178.0,42.0,11.0,5.0,10202898.823345274,4050.0,5091971.0,3519622.0,0.6563636363636364,0.6272727272727273,263.0,236.0,0.4790874524714829,0.3490304709141274,0.2433460076045627,0.1772853185595568,0.182509505703422,0.1329639889196676,0.0950570342205323,0.0692520775623268,0.7542372881355932,0.1779661016949152,0.0466101694915254,0.0211864406779661,0.5159420289855072,0.1217391304347826,0.0318840579710144,0.0144927536231884,75,0.02,1009,0.33,387,0.13,4903
66,DCPS,285,Moten Elementary School,PK3-5th,323.0,19.87,1.0,480.0,157.0,38.856656,-76.98294368,Cluster 37,Ward 8,Elementary,401.0,13.63,1.0,480.0,79.0,322.0,84.0,80.0,94.0,51.0,360.0,57.0,90.0,107.0,97.0,9921336.53464541,4270.0,4914177.0,3430796.0,0.6729166666666667,0.8354166666666667,309.0,351.0,0.2718446601941747,0.2600619195046439,0.2588996763754045,0.2476780185758514,0.3042071197411003,0.2910216718266253,0.1650485436893204,0.1578947368421052,0.1623931623931624,0.2564102564102564,0.3048433048433048,0.2763532763532763,0.14214463840399,0.2244389027431421,0.2668329177057356,0.2418952618453865,17,0.01,1716,0.68,446,0.17,3864
67,DCPS,287,Murch Elementary School,PK4-5th,601.0,92.3,5.0,730.0,129.0,38.95293352,-77.07007921,Cluster 12,Ward 3,Elementary,573.0,79.07,4.0,0.0,0.0,579.0,348.0,38.0,5.0,5.0,538.0,364.0,53.0,10.0,0.0,11984592.0022365,6340.0,5692681.0,4513199.0,0.8232876712328767,inf,396.0,427.0,0.8787878787878788,0.5790349417637272,0.0959595959595959,0.0632279534109817,0.0126262626262626,0.0083194675540765,0.0126262626262626,0.0083194675540765,0.8524590163934426,0.1241217798594847,0.0234192037470726,0.0,0.6352530541012217,0.0924956369982548,0.0174520069808027,0.0,115,0.17,52,0.08,52,0.07,573
68,DCPS,288,Nalle Elementary School,PK3-5th,370.0,54.86,3.0,400.0,30.0,38.88595442,-76.93079651,Cluster 33,Ward 7,Elementary,387.0,44.78,3.0,400.0,13.0,313.0,184.0,55.0,30.0,11.0,327.0,181.0,105.0,13.0,5.0,9386882.004541112,3890.0,4589598.0,3373621.0,0.925,0.9675,280.0,304.0,0.6571428571428571,0.4972972972972973,0.1964285714285714,0.1486486486486486,0.1071428571428571,0.081081081081081,0.0392857142857142,0.0297297297297297,0.5953947368421053,0.3453947368421052,0.0427631578947368,0.0164473684210526,0.4677002583979328,0.2713178294573643,0.0335917312661498,0.0129198966408268,177,0.04,2632,0.57,748,0.16,3242
69,DCPS,290,Noyes Elementary School,PK3-5th,224.0,29.81,2.0,379.0,155.0,38.92517798,-76.99184288,Cluster 22,Ward 5,Elementary,195.0,25.08,2.0,379.0,184.0,222.0,132.0,38.0,11.0,5.0,190.0,100.0,37.0,11.0,5.0,6842275.239834971,2140.0,3301360.0,1978631.0,0.5910290237467019,0.5145118733509235,186.0,153.0,0.7096774193548387,0.5892857142857143,0.2043010752688172,0.1696428571428571,0.0591397849462365,0.0491071428571428,0.0268817204301075,0.0223214285714285,0.6535947712418301,0.2418300653594771,0.0718954248366013,0.0326797385620915,0.5128205128205128,0.1897435897435897,0.0564102564102564,0.0256410256410256,212,0.09,1052,0.44,342,0.14,2235
70,DCPS,201,Oyster Adams Bilingual School (Adams),4th-8th,343.0,77.53,4.0,348.0,5.0,38.91730954,-77.04437725,Cluster 1,Ward 1,Middle,347.0,80.14,5.0,348.0,1.0,,,,,,,,,,,,,,,0.985632183908046,0.9971264367816092,,,,,,,,,,,,,,,,,,,203,0.27,174,0.23,82,0.11,1504
71,DCPS,292,Oyster Adams Bilingual School (Oyster),PK4-3rd,363.0,77.53,4.0,375.0,12.0,38.92359583,-77.05720337,Cluster 15,Ward 3,Elementary,330.0,80.14,5.0,375.0,45.0,686.0,422.0,76.0,5.0,5.0,646.0,398.0,71.0,5.0,5.0,16505914.0,6430.0,8171881.0,6032467.0,0.968,0.88,508.0,479.0,0.8307086614173228,1.162534435261708,0.1496062992125984,0.209366391184573,0.0098425196850393,0.0137741046831955,0.0098425196850393,0.0137741046831955,0.8308977035490606,0.1482254697286012,0.0104384133611691,0.0104384133611691,1.206060606060606,0.2151515151515151,0.0151515151515151,0.0151515151515151,62,0.1,30,0.05,43,0.07,1465
72,DCPS,294,Patterson Elementary School,PK3-5th,386.0,16.94,1.0,498.0,112.0,38.82696636,-77.00848471,Cluster 39,Ward 8,Elementary,374.0,17.74,1.0,498.0,124.0,353.0,89.0,113.0,76.0,70.0,322.0,195.0,49.0,5.0,0.0,10000778.553596798,4060.0,5470958.0,3406907.0,0.7751004016064257,0.751004016064257,348.0,249.0,0.2557471264367816,0.2305699481865284,0.3247126436781609,0.2927461139896373,0.2183908045977011,0.1968911917098445,0.2011494252873563,0.1813471502590673,0.7831325301204819,0.1967871485943775,0.0200803212851405,0.0,0.5213903743315508,0.1310160427807486,0.0133689839572192,0.0,66,0.01,5609,0.68,1443,0.17,9122
73,DCPS,295,Payne Elementary School,PK3-5th,346.0,71.93,4.0,348.0,2.0,38.88517068,-76.98498373,Cluster 26,Ward 6,Elementary,315.0,40.08,3.0,348.0,33.0,268.0,109.0,60.0,45.0,38.0,283.0,91.0,90.0,62.0,27.0,8589652.729458086,2890.0,4294371.0,2578206.0,0.9942528735632185,0.9051724137931034,252.0,270.0,0.4325396825396825,0.315028901734104,0.238095238095238,0.1734104046242774,0.1785714285714285,0.130057803468208,0.1507936507936507,0.1098265895953757,0.337037037037037,0.3333333333333333,0.2296296296296296,0.1,0.2888888888888888,0.2857142857142857,0.1968253968253968,0.0857142857142857,73,0.03,672,0.26,269,0.1,3988
74,DCPS,301,Peabody Elementary School (Capitol Hill Cluster),PK3-KG,226.0,,,240.0,14.0,38.89289632,-76.99985799,Cluster 25,Ward 6,Elementary,227.0,,,240.0,13.0,88.0,60.0,5.0,5.0,5.0,88.0,64.0,5.0,5.0,0.0,4900184.072911319,2300.0,2499346.0,2305263.0,0.9416666666666668,0.9458333333333332,75.0,74.0,0.8,0.2654867256637168,0.0666666666666666,0.0221238938053097,0.0666666666666666,0.0221238938053097,0.0666666666666666,0.0221238938053097,0.8648648648648649,0.0675675675675675,0.0675675675675675,0.0,0.2819383259911894,0.0220264317180616,0.0220264317180616,0.0,75,0.02,1009,0.33,387,0.13,4903
75,DCPS,478,"Phelps Architecture, Construction, and Engineering High School",9th-12th,265.0,54.27,3.0,512.0,247.0,38.90199202,-76.97189763,Cluster 23,Ward 5,High,260.0,44.7,3.0,512.0,252.0,264.0,43.0,63.0,79.0,75.0,261.0,35.0,49.0,94.0,80.0,8835779.994462866,3610.0,4196996.0,2765707.0,0.517578125,0.5078125,260.0,258.0,0.1653846153846153,0.1622641509433962,0.2423076923076923,0.2377358490566037,0.3038461538461538,0.2981132075471698,0.2884615384615384,0.2830188679245283,0.1356589147286821,0.189922480620155,0.3643410852713178,0.3100775193798449,0.1346153846153846,0.1884615384615384,0.3615384615384615,0.3076923076923077,275,0.1,1581,0.56,458,0.16,3453
76,DCPS,299,Plummer Elementary School,PK3-5th,331.0,43.81,3.0,448.0,117.0,38.8872402,-76.93993468,Cluster 33,Ward 7,Elementary,375.0,45.35,3.0,448.0,73.0,293.0,92.0,102.0,59.0,27.0,341.0,113.0,169.0,33.0,17.0,10843364.867150526,4670.0,5156682.0,3468759.0,0.7388392857142857,0.8370535714285714,280.0,332.0,0.3285714285714285,0.2779456193353474,0.3642857142857142,0.3081570996978852,0.2107142857142857,0.1782477341389728,0.0964285714285714,0.0815709969788519,0.3403614457831325,0.5090361445783133,0.0993975903614457,0.0512048192771084,0.3013333333333333,0.4506666666666666,0.088,0.0453333333333333,177,0.04,2632,0.57,748,0.16,3242
77,DCPS,300,Powell Elementary School,PK3-5th,535.0,62.23,4.0,480.0,0.0,38.94162369,-77.03139783,Cluster 18,Ward 4,Elementary,548.0,59.92,3.0,480.0,0.0,469.0,294.0,41.0,17.0,5.0,461.0,286.0,72.0,5.0,11.0,13538942.586135002,4960.0,6798461.0,4149363.0,1.1145833333333333,1.1416666666666666,357.0,374.0,0.8235294117647058,0.5495327102803739,0.1148459383753501,0.0766355140186915,0.0476190476190476,0.0317757009345794,0.0140056022408963,0.0093457943925233,0.7647058823529411,0.1925133689839572,0.0133689839572192,0.0294117647058823,0.5218978102189781,0.1313868613138686,0.0091240875912408,0.0200729927007299,2164,0.32,2406,0.36,883,0.13,7949
78,DCPS,316,Randle Highlands Elementary School,PK3-5th,329.0,48.55,3.0,450.0,121.0,38.87009174,-76.96435628,Cluster 34,Ward 7,Elementary,325.0,20.98,2.0,450.0,125.0,272.0,178.0,58.0,5.0,5.0,266.0,181.0,38.0,5.0,0.0,8240200.023307885,3650.0,4018149.0,3047845.0,0.7311111111111112,0.7222222222222222,246.0,224.0,0.7235772357723578,0.541033434650456,0.2357723577235772,0.1762917933130699,0.0203252032520325,0.0151975683890577,0.0203252032520325,0.0151975683890577,0.8080357142857143,0.1696428571428571,0.0223214285714285,0.0,0.556923076923077,0.1169230769230769,0.0153846153846153,0.0,47,0.02,1682,0.56,483,0.16,1786
79,DCPS,302,Raymond Education Campus,PK3-8th,558.0,62.46,4.0,649.0,91.0,38.93581121,-77.02643266,Cluster 18,Ward 4,Education Campus/Multi,589.0,59.12,3.0,649.0,60.0,505.0,285.0,134.0,36.0,17.0,541.0,322.0,148.0,37.0,5.0,14955645.849658364,5850.0,7576612.0,4800454.0,0.8597842835130971,0.9075500770416024,472.0,512.0,0.6038135593220338,0.510752688172043,0.2838983050847458,0.2401433691756272,0.0762711864406779,0.064516129032258,0.0360169491525423,0.0304659498207885,0.62890625,0.2890625,0.072265625,0.009765625,0.5466893039049237,0.2512733446519524,0.0628183361629881,0.0084889643463497,2164,0.32,2406,0.36,883,0.13,7949
80,DCPS,304,River Terrace Education Campus,SPED,131.0,,,160.0,29.0,38.8952415,-76.95896387,Cluster 32,Ward 7,SPED,137.0,,,160.0,23.0,72.0,24.0,13.0,12.0,17.0,76.0,52.0,10.0,5.0,5.0,7412681.958022103,1080.0,4068472.0,1389835.0,0.81875,0.85625,66.0,72.0,0.3636363636363636,0.183206106870229,0.1969696969696969,0.099236641221374,0.1818181818181818,0.0916030534351145,0.2575757575757575,0.1297709923664122,0.7222222222222222,0.1388888888888889,0.0694444444444444,0.0694444444444444,0.3795620437956204,0.072992700729927,0.0364963503649635,0.0364963503649635,85,0.03,1798,0.6,508,0.17,1622
81,DCPS,436,Ron Brown College Preparatory High School,9th-11th,261.0,15.1,1.0,600.0,339.0,38.90656271,-76.93270478,Cluster 31,Ward 7,High,209.0,29.57,2.0,600.0,391.0,275.0,23.0,44.0,71.0,134.0,213.0,33.0,42.0,56.0,80.0,,,,,0.435,0.3483333333333333,272.0,211.0,0.0845588235294117,0.0881226053639846,0.1617647058823529,0.1685823754789272,0.2610294117647059,0.2720306513409962,0.4926470588235294,0.5134099616858238,0.1563981042654028,0.1990521327014218,0.2654028436018957,0.3791469194312796,0.1578947368421052,0.200956937799043,0.2679425837320574,0.3827751196172249,71,0.02,2089,0.61,612,0.18,3518
82,DCPS,459,Roosevelt High School,9th-12th,645.0,12.69,1.0,,,38.94302943,-77.02919685,Cluster 18,Ward 4,High,698.0,10.62,1.0,,,697.0,67.0,82.0,138.0,400.0,725.0,92.0,82.0,139.0,392.0,15648414.002407856,5140.0,9117002.0,4374306.0,,,687.0,705.0,0.0975254730713246,0.103875968992248,0.1193595342066957,0.1271317829457364,0.2008733624454148,0.213953488372093,0.5822416302765647,0.6201550387596899,0.1304964539007092,0.1163120567375886,0.1971631205673759,0.5560283687943263,0.1318051575931232,0.1174785100286533,0.1991404011461318,0.5616045845272206,2164,0.32,2406,0.36,883,0.13,7949
83,DCPS,456,Roosevelt STAY,Adult,648.0,17.06,1.0,,,38.94302943,-77.02919685,Cluster 18,Ward 4,,515.0,21.15,2.0,,,189.0,10.0,15.0,11.0,145.0,186.0,12.0,11.0,16.0,146.0,6611194.0,6550.0,3811013.0,3275558.0,,,181.0,185.0,0.0552486187845303,0.015432098765432,0.0828729281767955,0.0231481481481481,0.0607734806629834,0.0169753086419753,0.8011049723756906,0.2237654320987654,0.0648648648648648,0.0594594594594594,0.0864864864864864,0.7891891891891892,0.0233009708737864,0.0213592233009708,0.0310679611650485,0.283495145631068,2164,0.32,2406,0.36,883,0.13,7949
84,DCPS,305,Ross Elementary School,PK3-5th,190.0,70.25,4.0,176.0,0.0,38.91239115,-77.03966214,Cluster 6,Ward 2,Elementary,174.0,72.96,4.0,176.0,2.0,166.0,94.0,12.0,5.0,5.0,149.0,94.0,23.0,5.0,0.0,4238364.399592927,1700.0,2103681.0,1883594.0,1.0795454545454546,0.9886363636363636,116.0,122.0,0.8103448275862069,0.4947368421052631,0.1034482758620689,0.0631578947368421,0.043103448275862,0.0263157894736842,0.043103448275862,0.0263157894736842,0.7704918032786885,0.1885245901639344,0.040983606557377,0.0,0.5402298850574713,0.132183908045977,0.028735632183908,0.0,64,0.21,22,0.07,18,0.06,174
85,DCPS,307,Savoy Elementary School,PK3-5th,271.0,40.12,3.0,430.0,159.0,38.86285199,-76.99360426,Cluster 37,Ward 8,Elementary,267.0,29.16,2.0,430.0,163.0,242.0,38.0,67.0,100.0,35.0,252.0,55.0,59.0,54.0,27.0,9272923.973847048,4070.0,4404639.0,3102981.0,0.6302325581395349,0.6209302325581395,240.0,195.0,0.1583333333333333,0.1402214022140221,0.2791666666666667,0.2472324723247232,0.4166666666666667,0.3690036900369003,0.1458333333333333,0.1291512915129151,0.282051282051282,0.3025641025641025,0.2769230769230769,0.1384615384615384,0.2059925093632958,0.2209737827715356,0.2022471910112359,0.1011235955056179,17,0.01,1716,0.68,446,0.17,3864
86,DCPS,409,School Without Walls @ Francis-Stevens,PK3-8th,472.0,58.04,3.0,513.0,41.0,38.9074695,-77.052321,Cluster 5,Ward 2,Education Campus/Multi,473.0,58.29,3.0,513.0,40.0,414.0,235.0,65.0,18.0,5.0,406.0,222.0,67.0,32.0,5.0,,,5468798.0,3978849.0,0.9200779727095516,0.9220272904483432,323.0,326.0,0.7275541795665634,0.4978813559322034,0.2012383900928792,0.1377118644067796,0.0557275541795665,0.0381355932203389,0.0154798761609907,0.010593220338983,0.6809815950920245,0.205521472392638,0.0981595092024539,0.0153374233128834,0.4693446088794926,0.1416490486257928,0.0676532769556025,0.0105708245243128,11,0.09,19,0.16,N<10,N<10,1421
87,DCPS,466,School Without Walls High School,9th-12th,592.0,97.9,5.0,520.0,0.0,38.89812412,-77.04818647,Cluster 5,Ward 2,High,592.0,98.56,5.0,520.0,0.0,590.0,396.0,34.0,5.0,0.0,595.0,336.0,41.0,10.0,5.0,11513258.0031555,4390.0,5267593.0,3742090.0,1.1384615384615384,1.1384615384615384,435.0,392.0,0.9103448275862068,0.668918918918919,0.0781609195402298,0.0574324324324324,0.0114942528735632,0.0084459459459459,0.0,0.0,0.8571428571428571,0.1045918367346938,0.0255102040816326,0.0127551020408163,0.5675675675675675,0.0692567567567567,0.0168918918918918,0.0084459459459459,11,0.09,19,0.16,N<10,N<10,1421
88,DCPS,175,School-Within-School @ Goding,PK3-5th,313.0,88.26,5.0,444.0,131.0,38.89756498,-76.99318304,Cluster 25,Ward 6,Elementary,308.0,88.55,5.0,444.0,136.0,237.0,145.0,21.0,5.0,5.0,239.0,166.0,20.0,5.0,0.0,10592800.003832811,5880.0,3815456.0,2674740.0,0.704954954954955,0.6936936936936937,176.0,191.0,0.8238636363636364,0.463258785942492,0.1193181818181818,0.0670926517571885,0.0284090909090909,0.0159744408945686,0.0284090909090909,0.0159744408945686,0.8691099476439791,0.1047120418848167,0.0261780104712041,0.0,0.538961038961039,0.0649350649350649,0.0162337662337662,0.0,75,0.02,1009,0.33,387,0.13,4903
89,DCPS,309,Seaton Elementary School,PK3-5th,390.0,70.59,4.0,446.0,56.0,38.9106187,-77.02488247,Cluster 7,Ward 6,Elementary,371.0,46.54,3.0,446.0,75.0,309.0,168.0,70.0,31.0,5.0,289.0,161.0,42.0,13.0,5.0,6594699.998946,2910.0,4870841.0,3070682.0,0.874439461883408,0.8318385650224215,274.0,221.0,0.6131386861313869,0.4307692307692308,0.2554744525547445,0.1794871794871795,0.1131386861313868,0.0794871794871794,0.0182481751824817,0.0128205128205128,0.7285067873303167,0.1900452488687782,0.0588235294117647,0.0226244343891402,0.4339622641509434,0.1132075471698113,0.0350404312668463,0.013477088948787,396,0.25,716,0.47,221,0.14,1903
90,DCPS,313,Shepherd Elementary School,PK3-5th,379.0,76.61,4.0,400.0,21.0,38.98460328,-77.03399523,Cluster 16,Ward 4,Elementary,364.0,67.39,4.0,400.0,36.0,324.0,200.0,27.0,12.0,5.0,311.0,201.0,28.0,5.0,5.0,9881305.739102311,3260.0,3653973.0,3137322.0,0.9475,0.91,244.0,239.0,0.819672131147541,0.5277044854881267,0.110655737704918,0.0712401055408971,0.0491803278688524,0.0316622691292876,0.0204918032786885,0.0131926121372031,0.8410041841004184,0.1171548117154811,0.0209205020920502,0.0209205020920502,0.5521978021978022,0.0769230769230769,0.0137362637362637,0.0137362637362637,47,0.09,61,0.12,57,0.11,364
91,DCPS,315,Simon Elementary School,PK3-5th,241.0,17.9,1.0,325.0,84.0,38.83598054,-77.000195,Cluster 39,Ward 8,Elementary,274.0,40.12,3.0,325.0,51.0,233.0,69.0,69.0,65.0,25.0,271.0,123.0,65.0,49.0,18.0,6518293.62981491,3260.0,3441958.0,2448959.0,0.7415384615384616,0.8430769230769231,228.0,255.0,0.3026315789473684,0.2863070539419087,0.3026315789473684,0.2863070539419087,0.2850877192982456,0.2697095435684647,0.1096491228070175,0.1037344398340249,0.4823529411764706,0.2549019607843137,0.192156862745098,0.0705882352941176,0.4489051094890511,0.2372262773722627,0.1788321167883211,0.0656934306569343,66,0.01,5609,0.68,1443,0.17,9122
92,DCPS,322,Smothers Elementary School,PK3-5th,249.0,16.27,1.0,337.0,88.0,38.89355404,-76.93846864,Cluster 30,Ward 7,Elementary,252.0,25.48,2.0,337.0,85.0,205.0,68.0,68.0,37.0,23.0,209.0,74.0,59.0,56.0,5.0,6833348.451564059,3070.0,3842604.0,2580078.0,0.7388724035608308,0.7477744807121661,196.0,194.0,0.3469387755102041,0.2730923694779116,0.3469387755102041,0.2730923694779116,0.1887755102040816,0.1485943775100401,0.1173469387755102,0.0923694779116465,0.3814432989690721,0.3041237113402061,0.2886597938144329,0.0257731958762886,0.2936507936507936,0.2341269841269841,0.2222222222222222,0.0198412698412698,66,0.03,1179,0.57,328,0.16,1944
93,DCPS,427,Sousa Middle School,6th-8th,242.0,32.45,2.0,790.0,548.0,38.88389441,-76.95315884,Cluster 32,Ward 7,Middle,228.0,12.33,1.0,790.0,562.0,262.0,61.0,76.0,81.0,40.0,270.0,61.0,80.0,80.0,38.0,7542783.996592281,2860.0,3473232.0,2143200.0,0.3063291139240506,0.2886075949367088,258.0,259.0,0.2364341085271318,0.2520661157024793,0.2945736434108527,0.3140495867768595,0.313953488372093,0.3347107438016529,0.1550387596899224,0.1652892561983471,0.2355212355212355,0.3088803088803089,0.3088803088803089,0.1467181467181467,0.2675438596491228,0.3508771929824561,0.3508771929824561,0.1666666666666666,85,0.03,1798,0.6,508,0.17,1622
94,DCPS,319,Stanton Elementary School,PK3-5th,473.0,38.76,2.0,586.0,113.0,38.85927211,-76.96849023,Cluster 36,Ward 8,Elementary,493.0,20.72,2.0,586.0,93.0,424.0,131.0,112.0,97.0,67.0,436.0,195.0,111.0,81.0,13.0,7054282.354777401,2600.0,5496878.0,4241257.0,0.8071672354948806,0.841296928327645,407.0,400.0,0.3218673218673218,0.2769556025369979,0.2751842751842752,0.2367864693446088,0.2383292383292383,0.2050739957716701,0.1646191646191646,0.1416490486257928,0.4875,0.2775,0.2025,0.0325,0.3955375253549695,0.2251521298174442,0.1643002028397566,0.0263691683569979,10,0,1602,0.74,416,0.19,1321
95,DCPS,321,Stoddert Elementary School,PK4-5th,463.0,77.85,4.0,489.0,26.0,38.92304465,-77.0790738,Cluster 14,Ward 3,Elementary,438.0,78.95,4.0,489.0,51.0,466.0,288.0,44.0,5.0,5.0,452.0,281.0,37.0,5.0,0.0,11507278.542209726,5390.0,4333567.0,3653883.0,0.9468302658486708,0.8957055214723927,342.0,323.0,0.8421052631578947,0.6220302375809935,0.1286549707602339,0.0950323974082073,0.0146198830409356,0.0107991360691144,0.0146198830409356,0.0107991360691144,0.8699690402476781,0.1145510835913312,0.0154798761609907,0.0,0.6415525114155252,0.0844748858447488,0.0114155251141552,0.0,171,0.17,68,0.07,60,0.06,438
96,DCPS,428,Stuart-Hobson Middle School (Capitol Hill Cluster),6th-8th,454.0,61.01,4.0,450.0,0.0,38.8962977,-77.00000438,Cluster 25,Ward 6,Middle,422.0,53.53,3.0,450.0,28.0,461.0,251.0,102.0,38.0,11.0,432.0,246.0,107.0,38.0,5.0,8509627.202548783,4200.0,4424768.0,3327176.0,1.008888888888889,0.9377777777777778,402.0,396.0,0.6243781094527363,0.552863436123348,0.2537313432835821,0.224669603524229,0.0945273631840796,0.0837004405286343,0.0273631840796019,0.0242290748898678,0.6212121212121212,0.2702020202020202,0.0959595959595959,0.0126262626262626,0.5829383886255924,0.2535545023696682,0.0900473933649289,0.0118483412322274,75,0.02,1009,0.33,387,0.13,4903
97,DCPS,428,Stuart-Hobson Middle School (Capitol Hill Cluster),6th-8th,454.0,61.01,4.0,450.0,0.0,38.8962977,-77.00000438,Cluster 25,Ward 6,Middle,422.0,53.53,3.0,450.0,28.0,461.0,251.0,102.0,38.0,11.0,432.0,246.0,107.0,38.0,5.0,8899894.004962325,4270.0,4424768.0,3327176.0,1.008888888888889,0.9377777777777778,402.0,396.0,0.6243781094527363,0.552863436123348,0.2537313432835821,0.224669603524229,0.0945273631840796,0.0837004405286343,0.0273631840796019,0.0242290748898678,0.6212121212121212,0.2702020202020202,0.0959595959595959,0.0126262626262626,0.5829383886255924,0.2535545023696682,0.0900473933649289,0.0118483412322274,75,0.02,1009,0.33,387,0.13,4903
98,DCPS,324,Takoma Education Campus,PK3-8th,508.0,44.94,3.0,450.0,0.0,38.97504287,-77.02279493,Cluster 17,Ward 4,Education Campus/Multi,473.0,30.48,2.0,450.0,0.0,471.0,300.0,46.0,31.0,12.0,431.0,245.0,27.0,14.0,13.0,12146247.3881636,4780.0,6192923.0,3738438.0,1.1288888888888888,1.051111111111111,389.0,299.0,0.7712082262210797,0.5905511811023622,0.1182519280205655,0.0905511811023622,0.0796915167095115,0.0610236220472441,0.0308483290488431,0.0236220472440944,0.8193979933110368,0.0903010033444816,0.0468227424749163,0.0434782608695652,0.5179704016913319,0.0570824524312896,0.0295983086680761,0.0274841437632135,1531,0.37,1470,0.36,503,0.12,4456
99,DCPS,325,Thomas Elementary School,PK3-5th,355.0,32.56,2.0,474.0,119.0,38.90127897,-76.95211091,Cluster 30,Ward 7,Elementary,384.0,19.94,1.0,474.0,90.0,321.0,76.0,92.0,85.0,57.0,345.0,96.0,116.0,89.0,34.0,10279368.993482608,4240.0,5378993.0,3496336.0,0.7489451476793249,0.810126582278481,310.0,335.0,0.2451612903225806,0.2140845070422535,0.2967741935483871,0.2591549295774648,0.2741935483870967,0.2394366197183098,0.1838709677419354,0.1605633802816901,0.2865671641791045,0.3462686567164179,0.2656716417910448,0.1014925373134328,0.25,0.3020833333333333,0.2317708333333333,0.0885416666666666,66,0.03,1179,0.57,328,0.16,1944
100,DCPS,326,Thomson Elementary School,PK3-5th,331.0,61.03,4.0,357.0,26.0,38.90349634,-77.02843003,Cluster 8,Ward 2,Elementary,308.0,43.67,3.0,357.0,49.0,263.0,163.0,26.0,5.0,5.0,248.0,147.0,30.0,5.0,5.0,8148758.004811794,2730.0,3916753.0,2675179.0,0.927170868347339,0.8627450980392157,199.0,187.0,0.8190954773869347,0.4924471299093655,0.1306532663316583,0.0785498489425981,0.0251256281407035,0.0151057401812688,0.0251256281407035,0.0151057401812688,0.786096256684492,0.160427807486631,0.0267379679144385,0.0267379679144385,0.4772727272727273,0.0974025974025974,0.0162337662337662,0.0162337662337662,113,0.1,657,0.56,201,0.17,1339
101,DCPS,327,Truesdell Education Campus,PK3-8th,609.0,65.31,4.0,775.0,166.0,38.95396869,-77.02507158,Cluster 18,Ward 4,Education Campus/Multi,698.0,56.88,3.0,775.0,77.0,559.0,270.0,131.0,70.0,26.0,642.0,273.0,187.0,124.0,30.0,15127507.995,5700.0,7775938.0,4661719.0,0.7858064516129032,0.9006451612903226,497.0,614.0,0.5432595573440644,0.4433497536945813,0.2635814889336016,0.2151067323481116,0.1408450704225352,0.1149425287356321,0.0523138832997987,0.0426929392446633,0.4446254071661237,0.3045602605863192,0.2019543973941368,0.0488599348534201,0.3911174785100286,0.2679083094555874,0.1776504297994269,0.0429799426934097,2164,0.32,2406,0.36,883,0.13,7949
102,DCPS,328,Tubman Elementary School,PK3-5th,548.0,37.26,2.0,629.0,81.0,38.92919857,-77.0294433,Cluster 2,Ward 1,Elementary,535.0,63.62,4.0,629.0,94.0,526.0,264.0,108.0,60.0,22.0,501.0,264.0,101.0,55.0,20.0,13018436.59853299,5010.0,7060475.0,4356476.0,0.8712241653418124,0.8505564387917329,454.0,440.0,0.5814977973568282,0.4817518248175182,0.237885462555066,0.1970802919708029,0.13215859030837,0.1094890510948905,0.0484581497797356,0.0401459854014598,0.6,0.2295454545454545,0.125,0.0454545454545454,0.4934579439252336,0.1887850467289719,0.102803738317757,0.0373831775700934,2276,0.37,2467,0.42,889,0.14,8171
103,DCPS,329,Turner Elementary School,PK3-5th,497.0,32.42,2.0,530.0,33.0,38.84763644,-76.98031323,Cluster 38,Ward 8,Elementary,463.0,45.33,3.0,530.0,67.0,440.0,72.0,100.0,153.0,108.0,426.0,88.0,104.0,144.0,80.0,10397480.109674908,4210.0,5712171.0,3893633.0,0.9377358490566038,0.8735849056603774,433.0,416.0,0.1662817551963048,0.1448692152917505,0.23094688221709,0.2012072434607646,0.3533487297921478,0.3078470824949698,0.2494226327944572,0.2173038229376257,0.2115384615384615,0.25,0.3461538461538461,0.1923076923076923,0.1900647948164147,0.2246220302375809,0.3110151187904967,0.1727861771058315,40,0.01,2566,0.68,680,0.17,1155
104,DCPS,330,Tyler Elementary School,PK3-5th,512.0,75.33,4.0,564.0,52.0,38.88108436,-76.99204166,Cluster 26,Ward 6,Elementary,525.0,47.07,3.0,564.0,39.0,403.0,244.0,85.0,11.0,5.0,414.0,259.0,69.0,29.0,5.0,12642060.536200613,5380.0,6274522.0,4421227.0,0.9078014184397164,0.9308510638297872,345.0,362.0,0.7072463768115942,0.4765625,0.2463768115942029,0.166015625,0.0318840579710144,0.021484375,0.0144927536231884,0.009765625,0.7154696132596685,0.1906077348066298,0.080110497237569,0.0138121546961325,0.4933333333333333,0.1314285714285714,0.0552380952380952,0.0095238095238095,73,0.03,672,0.26,269,0.1,3988
105,DCPS,331,Van Ness Elementary School,PK3-3rd,270.0,67.39,4.0,347.0,77.0,38.87679645,-76.999244,Cluster 27,Ward 6,Elementary,215.0,,,347.0,132.0,208.0,125.0,31.0,22.0,5.0,143.0,84.0,20.0,13.0,5.0,3598418.534901091,1100.0,1947151.0,1689264.0,0.7780979827089337,0.6195965417867435,183.0,122.0,0.6830601092896175,0.4629629629629629,0.1693989071038251,0.1148148148148148,0.1202185792349726,0.0814814814814814,0.0273224043715847,0.0185185185185185,0.6885245901639344,0.1639344262295081,0.1065573770491803,0.040983606557377,0.3906976744186046,0.0930232558139534,0.0604651162790697,0.0232558139534883,N<10,N<10,119,0.36,51,0.15,649
106,DCPS,332,Walker-Jones Education Campus,PK3-8th,384.0,27.18,2.0,700.0,316.0,38.90419198,-77.01391569,Cluster 8,Ward 6,Education Campus/Multi,435.0,50.92,3.0,700.0,265.0,379.0,130.0,93.0,91.0,50.0,385.0,119.0,127.0,81.0,42.0,12359678.00029914,4840.0,6139523.0,3758298.0,0.5485714285714286,0.6214285714285714,364.0,369.0,0.3571428571428571,0.3385416666666667,0.2554945054945055,0.2421875,0.25,0.2369791666666666,0.1373626373626373,0.1302083333333333,0.3224932249322493,0.3441734417344173,0.2195121951219512,0.1138211382113821,0.2735632183908046,0.2919540229885057,0.1862068965517241,0.096551724137931,113,0.1,657,0.56,201,0.17,1339
107,DCPS,474,Washington Metropolitan High School,9th-12th,136.0,12.9,1.0,,,38.92043047,-77.01558101,Cluster 3,Ward 1,High,195.0,24.88,2.0,,,150.0,5.0,5.0,5.0,130.0,199.0,5.0,5.0,5.0,181.0,7133322.0022365,2510.0,3599053.0,2721974.0,,,145.0,196.0,0.0344827586206896,0.0367647058823529,0.0344827586206896,0.0367647058823529,0.0344827586206896,0.0367647058823529,0.896551724137931,0.9558823529411764,0.0255102040816326,0.0255102040816326,0.0255102040816326,0.923469387755102,0.0256410256410256,0.0256410256410256,0.0256410256410256,0.9282051282051282,88,0.15,227,0.41,80,0.14,1305
108,DCPS,947,CHOICE Academy @ Washington Metropolitan HS,Alternative,1.0,,,,,38.92043047,-77.01558101,Cluster 3,Ward 1,,1.0,,,,,5.0,5.0,5.0,5.0,5.0,68.0,24.0,19.0,13.0,5.0,1999900.0,1000.0,1045389.0,823617.0,,,20.0,61.0,0.25,5.0,0.25,5.0,0.25,5.0,0.25,5.0,0.3934426229508196,0.3114754098360656,0.2131147540983606,0.081967213114754,24.0,19.0,13.0,5.0,88,0.15,227,0.41,80,0.14,1305
109,DCPS,333,Watkins Elementary School (Capitol Hill Cluster),1st-5th,444.0,69.95,4.0,460.0,16.0,38.88346701,-76.98999677,Cluster 26,Ward 6,Elementary,428.0,73.94,4.0,460.0,32.0,456.0,332.0,57.0,5.0,5.0,442.0,311.0,74.0,5.0,0.0,9217560.602206582,4820.0,4378341.0,3287838.0,0.9652173913043478,0.9304347826086956,399.0,390.0,0.8320802005012531,0.7477477477477478,0.1428571428571428,0.1283783783783783,0.012531328320802,0.0112612612612612,0.012531328320802,0.0112612612612612,0.7974358974358975,0.1897435897435897,0.0128205128205128,0.0,0.7266355140186916,0.1728971962616822,0.0116822429906542,0.0,73,0.03,672,0.26,269,0.1,3988
110,DCPS,336,West Education Campus,PK3-8th,336.0,67.22,4.0,378.0,42.0,38.95136741,-77.03225306,Cluster 18,Ward 4,Education Campus/Multi,330.0,55.27,3.0,378.0,48.0,291.0,127.0,74.0,28.0,17.0,285.0,124.0,66.0,41.0,20.0,7711848.130957591,2780.0,4115372.0,3009106.0,0.8888888888888888,0.873015873015873,246.0,251.0,0.516260162601626,0.3779761904761904,0.3008130081300813,0.2202380952380952,0.1138211382113821,0.0833333333333333,0.0691056910569105,0.050595238095238,0.4940239043824701,0.2629482071713147,0.1633466135458167,0.0796812749003984,0.3757575757575757,0.2,0.1242424242424242,0.0606060606060606,2164,0.32,2406,0.36,883,0.13,7949
111,DCPS,335,Wheatley Education Campus,PK3-8th,312.0,30.23,2.0,500.0,188.0,38.90411774,-76.98850077,Cluster 23,Ward 5,Education Campus/Multi,324.0,42.16,3.0,500.0,176.0,288.0,99.0,93.0,53.0,33.0,284.0,70.0,80.0,98.0,28.0,10767216.632042762,4580.0,5137250.0,3213691.0,0.624,0.648,278.0,276.0,0.356115107913669,0.3173076923076923,0.3345323741007194,0.2980769230769231,0.1906474820143885,0.1698717948717948,0.118705035971223,0.1057692307692307,0.2536231884057971,0.2898550724637681,0.3550724637681159,0.1014492753623188,0.2160493827160493,0.2469135802469135,0.3024691358024691,0.0864197530864197,275,0.1,1581,0.56,458,0.16,3453
112,DCPS,338,Whittier Education Campus,PK3-8th,351.0,77.18,4.0,520.0,169.0,38.96585727,-77.0192386,Cluster 17,Ward 4,Education Campus/Multi,325.0,45.39,3.0,520.0,195.0,341.0,156.0,91.0,61.0,18.0,307.0,119.0,88.0,54.0,31.0,10893376.715985898,3490.0,5364029.0,3181385.0,0.675,0.625,326.0,292.0,0.4785276073619632,0.4444444444444444,0.2791411042944785,0.2592592592592592,0.1871165644171779,0.1737891737891738,0.0552147239263803,0.0512820512820512,0.4075342465753425,0.3013698630136986,0.184931506849315,0.1061643835616438,0.3661538461538461,0.2707692307692307,0.1661538461538461,0.0953846153846153,1531,0.37,1470,0.36,503,0.12,4456
113,DCPS,463,Wilson High School,9th-12th,1796.0,71.99,4.0,1840.0,44.0,38.95015672,-77.0777757,Cluster 11,Ward 3,High,1829.0,74.46,4.0,1840.0,11.0,1803.0,694.0,466.0,333.0,266.0,1852.0,596.0,423.0,378.0,389.0,31218186.0011825,18780.0,16045386.0,11218996.0,0.9760869565217392,0.9940217391304348,1759.0,1786.0,0.3945423536100056,0.3864142538975501,0.2649232518476407,0.2594654788418708,0.1893121091529278,0.1854120267260579,0.1512222853894258,0.1481069042316258,0.3337066069428891,0.2368421052631578,0.2116461366181411,0.2178051511758118,0.3258611262985237,0.2312739201749589,0.206670311645708,0.2126845270639693,48,0.03,40,0.03,94,0.07,4041
114,DCPS,464,"Woodson, H D High School",9th-12th,455.0,18.34,1.0,1000.0,545.0,38.89678662,-76.92232826,Cluster 31,Ward 7,High,488.0,24.54,2.0,1000.0,512.0,514.0,27.0,49.0,107.0,327.0,537.0,36.0,62.0,111.0,319.0,16381258.33471116,5820.0,9597703.0,5567160.0,0.455,0.488,510.0,528.0,0.0529411764705882,0.0593406593406593,0.096078431372549,0.1076923076923077,0.2098039215686274,0.2351648351648351,0.6411764705882353,0.7186813186813187,0.0681818181818181,0.1174242424242424,0.2102272727272727,0.6041666666666666,0.0737704918032786,0.1270491803278688,0.2274590163934426,0.6536885245901639,71,0.02,2089,0.61,612,0.18,3518
115,DCPS,861,Youth Services Center,Alternative,31.0,,,0.0,0.0,38.91213959,-76.98858584,Cluster 23,Ward 5,Adult/Alt,52.0,,,0.0,0.0,118.0,28.0,15.0,5.0,5.0,140.0,10.0,5.0,5.0,0.0,3331627.7444,730.0,2545628.0,853448.0,inf,inf,53.0,20.0,0.5283018867924528,0.9032258064516128,0.2830188679245283,0.4838709677419355,0.0943396226415094,0.1612903225806451,0.0943396226415094,0.1612903225806451,0.5,0.25,0.25,0.0,0.1923076923076923,0.0961538461538461,0.0961538461538461,0.0,275,0.1,1581,0.56,458,0.16,3453
