school_sector,school_code,school_name,school_grade_range,school_enrollment_SY1819,school_star_score_SY1819,school_star_rating_SY1819,school_capacity_SY1819,school_unfilled_seats_SY1819,school_latitude,school_longitude,school_cluster,school_ward,school_grade_band,school_enrollment_SY1718,school_star_score_SY1718,school_star_rating_SY1718,school_capacity_SY1718,school_unfilled_seats_SY1718,attnd_count_truancy_aged_students_SY1819,attnd_absence_1-5_SY1819,attnd_absence_6-10_SY1819,attnd_absence_11-20_SY1819,attnd_absence_20+_SY1819,attnd_count_truancy_aged_students_SY1718,attnd_absence_1-5_SY1718,attnd_absence_6-10_SY1718,attnd_absence_11-20_SY1718,attnd_absence_20+_SY1718,school_budgeted_amount_FY16,school_budgeted_enrollment_FY16,school_budgeted_amount_FY17,school_budgeted_enrollment_FY17,school_capacity_pct_SY1819,school_capacity_pct_SY1718,students_with_absences_SY1819,students_with_absences_SY1718,pct_of_absences_1-5_SY1819,pct_of_student_absences_1-5_SY1819,pct_of_absences_6-10_SY1819,pct_of_student_absences_6-10_SY1819,pct_of_absences_11-20_SY1819,pct_of_student_absences_11-20_SY1819,pct_of_absences_20+_SY1819,pct_of_student_absences_20+_SY1819,pct_of_absences_1-5_SY1718,pct_of_absences_6-10_SY1718,pct_of_absences_11-20_SY1718,pct_of_absences_20+_SY1718,pct_of_student_absences_1-5_SY1718,pct_of_student_absences_6-10_SY1718,pct_of_student_absences_11-20_SY1718,pct_of_student_absences_20+_SY1718
DCPS,202,Aiton Elementary School,PK3-5th,244.0,10.79,1.0,529.0,285.0,38.89700181,-76.93370092,Cluster 31,Ward 7,Elementary,243.0,43.85,3.0,529.0,286.0,190,58.0,61.0,45.0,21.0,190.0,74.0,58.0,33.0,12.0,7429920.000736499,2650.0,3780814.0,2499672.0,0.4612476370510397,0.45935727788279773,185.0,177.0,0.31351351351351353,0.23770491803278687,0.32972972972972975,0.25,0.24324324324324326,0.18442622950819673,0.11351351351351352,0.0860655737704918,0.4180790960451977,0.327683615819209,0.1864406779661017,0.06779661016949153,0.3045267489711934,0.23868312757201646,0.13580246913580246,0.04938271604938271
DCPS,203,Amidon-Bowen Elementary School,PK3-5th,339.0,48.54,3.0,400.0,61.0,38.8795154,-77.0181253,Cluster 9,Ward 6,Elementary,351.0,36.53,2.0,400.0,49.0,279,132.0,87.0,38.0,10.0,309.0,149.0,98.0,36.0,12.0,8979878.262866085,3660.0,4533018.0,3020358.0,0.8475,0.8775,267.0,295.0,0.4943820224719101,0.3893805309734513,0.3258426966292135,0.25663716814159293,0.14232209737827714,0.11209439528023599,0.03745318352059925,0.029498525073746312,0.5050847457627119,0.33220338983050846,0.12203389830508475,0.04067796610169491,0.42450142450142453,0.2792022792022792,0.10256410256410256,0.03418803418803419
DCPS,450,Anacostia High School,9th-12th,296.0,3.68,1.0,837.0,541.0,38.87008406,-76.98307725,Cluster 34,Ward 8,High,379.0,2.85,1.0,837.0,458.0,345,20.0,29.0,68.0,221.0,396.0,31.0,40.0,59.0,262.0,18537017.599638693,6360.0,9238855.0,4694247.0,0.3536439665471924,0.45280764635603343,338.0,392.0,0.05917159763313609,0.06756756756756757,0.08579881656804733,0.09797297297297297,0.20118343195266272,0.22972972972972974,0.6538461538461539,0.7466216216216216,0.07908163265306123,0.10204081632653061,0.15051020408163265,0.6683673469387755,0.08179419525065963,0.10554089709762533,0.15567282321899736,0.6912928759894459
DCPS,452,Ballou High School,9th-12th,650.0,4.83,1.0,,,38.83851166,-77.0013625,Cluster 39,Ward 8,High,880.0,4.65,1.0,,,682,26.0,40.0,94.0,518.0,933.0,53.0,102.0,207.0,556.0,21873207.956374083,8180.0,12748461.0,6860942.0,,,678.0,918.0,0.038348082595870206,0.04,0.058997050147492625,0.06153846153846154,0.13864306784660768,0.14461538461538462,0.7640117994100295,0.796923076923077,0.05773420479302832,0.1111111111111111,0.22549019607843138,0.6056644880174292,0.060227272727272727,0.1159090909090909,0.23522727272727273,0.6318181818181818
DCPS,462,Ballou STAY,Adult,524.0,,,,,38.83851166,-77.0013625,Cluster 39,Ward 8,,495.0,,,,,167,5.0,5.0,10.0,147.0,138.0,5.0,5.0,5.0,128.0,5708080.0,4850.0,3570862.0,3183315.0,,,167.0,143.0,0.029940119760479042,0.009541984732824428,0.029940119760479042,0.009541984732824428,0.059880239520958084,0.019083969465648856,0.8802395209580839,0.28053435114503816,0.03496503496503497,0.03496503496503497,0.03496503496503497,0.8951048951048951,0.010101010101010102,0.010101010101010102,0.010101010101010102,0.2585858585858586
DCPS,205,Barnard Elementary School,PK3-5th,620.0,73.18,4.0,753.0,133.0,38.94823095,-77.01777708,Cluster 18,Ward 4,Elementary,642.0,66.46,4.0,753.0,111.0,532,333.0,49.0,18.0,11.0,521.0,378.0,41.0,10.0,5.0,15199798.82158076,6340.0,7531184.0,4677607.0,0.8233731739707836,0.852589641434263,411.0,434.0,0.8102189781021898,0.5370967741935484,0.1192214111922141,0.07903225806451612,0.043795620437956206,0.02903225806451613,0.0267639902676399,0.017741935483870968,0.8709677419354839,0.0944700460829493,0.02304147465437788,0.01152073732718894,0.5887850467289719,0.06386292834890965,0.01557632398753894,0.00778816199376947
DCPS,206,Beers Elementary School,PK3-5th,489.0,38.68,2.0,508.0,19.0,38.86434984,-76.95560475,Cluster 34,Ward 7,Elementary,484.0,35.32,2.0,508.0,24.0,422,233.0,95.0,32.0,5.0,411.0,252.0,47.0,5.0,0.0,11026860.16455043,4340.0,5511270.0,3506981.0,0.9625984251968503,0.952755905511811,365.0,304.0,0.6383561643835617,0.47648261758691207,0.2602739726027397,0.19427402862985685,0.08767123287671233,0.065439672801636,0.0136986301369863,0.010224948875255624,0.8289473684210527,0.15460526315789475,0.01644736842105263,0.0,0.5206611570247934,0.09710743801652892,0.010330578512396695,0.0
DCPS,402,Benjamin Banneker High School,9th-12th,482.0,98.67,5.0,654.0,172.0,38.92383276,-77.02397697,Cluster 2,Ward 1,High,482.0,99.01,5.0,654.0,172.0,482,294.0,72.0,22.0,5.0,483.0,309.0,47.0,15.0,5.0,8774904.361047681,4540.0,4622883.0,3391093.0,0.7370030581039755,0.7370030581039755,393.0,376.0,0.7480916030534351,0.6099585062240664,0.183206106870229,0.14937759336099585,0.05597964376590331,0.04564315352697095,0.01272264631043257,0.01037344398340249,0.8218085106382979,0.125,0.0398936170212766,0.013297872340425532,0.6410788381742739,0.0975103734439834,0.03112033195020747,0.01037344398340249
DCPS,291,Boone Elementary School (formerly Orr Elementary),PK3-5th,430.0,47.46,3.0,492.0,62.0,38.87179716,-76.97448402,Cluster 34,Ward 8,Elementary,404.0,30.82,2.0,392.0,0.0,345,137.0,94.0,69.0,24.0,334.0,142.0,92.0,52.0,28.0,9026511.97137628,3990.0,4941263.0,3649872.0,0.8739837398373984,1.030612244897959,324.0,314.0,0.4228395061728395,0.3186046511627907,0.29012345679012347,0.2186046511627907,0.21296296296296297,0.16046511627906976,0.07407407407407407,0.05581395348837209,0.45222929936305734,0.2929936305732484,0.16560509554140126,0.08917197452229299,0.35148514851485146,0.22772277227722773,0.12871287128712872,0.06930693069306931
DCPS,212,Brent Elementary School,PK3-5th,432.0,81.49,5.0,408.0,0.0,38.88480121,-77.00145985,Cluster 26,Ward 6,Elementary,425.0,65.64,4.0,408.0,0.0,369,229.0,29.0,5.0,5.0,369.0,242.0,40.0,5.0,0.0,7639787.996764621,3800.0,3855869.0,3350521.0,1.0588235294117647,1.0416666666666667,268.0,287.0,0.8544776119402985,0.5300925925925926,0.10820895522388059,0.06712962962962964,0.018656716417910446,0.011574074074074073,0.018656716417910446,0.011574074074074073,0.8432055749128919,0.13937282229965156,0.017421602787456445,0.0,0.5694117647058824,0.09411764705882353,0.011764705882352941,0.0
DCPS,213,Brightwood Education Campus,PK3-8th,757.0,57.15,3.0,1069.0,312.0,38.96053573,-77.03068885,Cluster 18,Ward 4,Education Campus/Multi,737.0,59.87,3.0,1069.0,332.0,720,399.0,150.0,62.0,27.0,712.0,407.0,155.0,52.0,12.0,17816696.248652894,6700.0,8951669.0,5271217.0,0.7081384471468662,0.6894293732460243,638.0,626.0,0.6253918495297806,0.5270805812417437,0.23510971786833856,0.19815059445178335,0.09717868338557993,0.08190224570673713,0.04231974921630094,0.035667107001321,0.6501597444089456,0.2476038338658147,0.08306709265175719,0.019169329073482427,0.5522388059701493,0.21031207598371776,0.07055630936227951,0.016282225237449117
DCPS,347,Brookland Middle School,6th-8th,270.0,41.16,3.0,534.0,264.0,38.93874518,-76.99114684,Cluster 20,Ward 5,Middle,238.0,18.56,1.0,534.0,296.0,,,,,,,,,,,,,3793656.0,2327185.0,0.5056179775280899,0.44569288389513106,,,,,,,,,,,,,,,,,,
DCPS,404,Browne Education Campus,PK3-8th,371.0,28.62,2.0,828.0,457.0,38.90259888,-76.97066706,Cluster 23,Ward 5,Education Campus/Multi,325.0,32.78,2.0,828.0,503.0,343,131.0,98.0,60.0,30.0,317.0,157.0,69.0,35.0,12.0,10587752.007446,3360.0,5147917.0,3485916.0,0.44806763285024154,0.392512077294686,319.0,273.0,0.4106583072100313,0.353099730458221,0.3072100313479624,0.2641509433962264,0.18808777429467086,0.16172506738544473,0.09404388714733543,0.08086253369272237,0.575091575091575,0.25274725274725274,0.1282051282051282,0.04395604395604396,0.48307692307692307,0.2123076923076923,0.1076923076923077,0.036923076923076927
DCPS,296,Bruce-Monroe Elementary School @ Park View,PK3-5th,451.0,69.1,4.0,609.0,158.0,38.9344141,-77.02118567,Cluster 2,Ward 1,Elementary,473.0,49.24,3.0,609.0,136.0,380,230.0,38.0,17.0,5.0,397.0,254.0,46.0,14.0,10.0,13989297.550336411,4780.0,6756915.0,4091070.0,0.7405582922824302,0.7766830870279147,290.0,324.0,0.7931034482758621,0.5099778270509978,0.1310344827586207,0.08425720620842572,0.05862068965517241,0.037694013303769404,0.017241379310344827,0.011086474501108648,0.7839506172839507,0.1419753086419753,0.043209876543209874,0.030864197530864196,0.5369978858350951,0.09725158562367865,0.02959830866807611,0.021141649048625793
DCPS,219,Bunker Hill Elementary School,PK3-5th,221.0,34.72,2.0,577.0,356.0,38.94201247,-76.98499564,Cluster 20,Ward 5,Elementary,200.0,49.18,3.0,577.0,377.0,191,101.0,40.0,19.0,5.0,163.0,80.0,48.0,22.0,5.0,4573150.18098785,1500.0,2431546.0,1873046.0,0.3830155979202773,0.3466204506065858,165.0,155.0,0.6121212121212121,0.45701357466063347,0.24242424242424243,0.18099547511312217,0.11515151515151516,0.08597285067873303,0.030303030303030304,0.02262443438914027,0.5161290322580645,0.3096774193548387,0.14193548387096774,0.03225806451612903,0.4,0.24,0.11,0.025
DCPS,220,Burroughs Elementary School,PK3-5th,273.0,62.14,4.0,450.0,177.0,38.93350266,-76.97845637,Cluster 22,Ward 5,Elementary,282.0,58.66,3.0,450.0,168.0,209,87.0,68.0,24.0,15.0,222.0,84.0,63.0,48.0,16.0,7657455.691328352,2500.0,3850677.0,2558075.0,0.6066666666666667,0.6266666666666667,194.0,211.0,0.4484536082474227,0.31868131868131866,0.35051546391752575,0.2490842490842491,0.12371134020618557,0.08791208791208792,0.07731958762886598,0.054945054945054944,0.3981042654028436,0.2985781990521327,0.22748815165876776,0.07582938388625593,0.2978723404255319,0.22340425531914893,0.1702127659574468,0.05673758865248227
DCPS,221,Burrville Elementary School,PK3-5th,295.0,61.44,4.0,400.0,105.0,38.90056577,-76.92445918,Cluster 31,Ward 7,Elementary,300.0,31.72,2.0,400.0,100.0,217,79.0,81.0,35.0,15.0,244.0,59.0,78.0,78.0,22.0,8266426.12198275,3780.0,4070932.0,3084782.0,0.7375,0.75,210.0,237.0,0.3761904761904762,0.2677966101694915,0.38571428571428573,0.2745762711864407,0.16666666666666666,0.11864406779661017,0.07142857142857142,0.05084745762711865,0.2489451476793249,0.3291139240506329,0.3291139240506329,0.09282700421940929,0.19666666666666666,0.26,0.26,0.07333333333333333
DCPS,247,C W Harris Elementary School,PK3-5th,232.0,22.08,2.0,0.0,0.0,38.88359883,-76.9261155,Cluster 33,Ward 7,Elementary,278.0,18.59,1.0,339.0,61.0,206,76.0,58.0,44.0,17.0,251.0,118.0,73.0,37.0,14.0,8655997.781639602,3090.0,4268503.0,2546152.0,inf,0.8200589970501475,195.0,242.0,0.38974358974358975,0.3275862068965517,0.29743589743589743,0.25,0.22564102564102564,0.1896551724137931,0.08717948717948718,0.07327586206896551,0.48760330578512395,0.30165289256198347,0.15289256198347106,0.05785123966942149,0.4244604316546763,0.26258992805755393,0.13309352517985612,0.050359712230215826
DCPS,360,Capitol Hill Montessori School @ Logan,PK3-8th,362.0,65.7,4.0,392.0,30.0,38.89853031,-77.00256647,Cluster 25,Ward 6,Education Campus/Multi,365.0,54.34,3.0,392.0,27.0,259,147.0,47.0,24.0,12.0,259.0,137.0,71.0,29.0,5.0,6855939.997392878,3390.0,3697662.0,3306988.0,0.923469387755102,0.9311224489795918,230.0,242.0,0.6391304347826087,0.40607734806629836,0.20434782608695654,0.1298342541436464,0.10434782608695652,0.06629834254143646,0.05217391304347826,0.03314917127071823,0.5661157024793388,0.29338842975206614,0.11983471074380166,0.02066115702479339,0.37534246575342467,0.19452054794520549,0.07945205479452055,0.0136986301369863
DCPS,454,Cardozo Education Campus,6th-12th,746.0,16.17,1.0,1070.0,324.0,38.92217286,-77.02847069,Cluster 2,Ward 1,Education Campus/Multi,788.0,15.12,1.0,1070.0,282.0,717,95.0,95.0,153.0,364.0,730.0,111.0,125.0,164.0,316.0,25095524.008020498,8440.0,13473353.0,6689482.0,0.697196261682243,0.7364485981308411,707.0,716.0,0.13437057991513437,0.12734584450402145,0.13437057991513437,0.12734584450402145,0.2164073550212164,0.20509383378016086,0.5148514851485149,0.4879356568364611,0.15502793296089384,0.17458100558659218,0.22905027932960895,0.441340782122905,0.14086294416243655,0.15862944162436549,0.20812182741116753,0.4010152284263959
DCPS,224,Cleveland Elementary School,PK3-5th,304.0,49.16,3.0,346.0,42.0,38.91514529,-77.02270718,Cluster 3,Ward 1,Elementary,317.0,47.37,3.0,346.0,29.0,241,123.0,48.0,30.0,5.0,247.0,148.0,39.0,14.0,5.0,7495484.353334954,3170.0,4012949.0,2879049.0,0.8786127167630058,0.9161849710982659,206.0,206.0,0.5970873786407767,0.40460526315789475,0.23300970873786409,0.15789473684210525,0.14563106796116504,0.09868421052631579,0.024271844660194174,0.01644736842105263,0.7184466019417476,0.18932038834951456,0.06796116504854369,0.024271844660194174,0.4668769716088328,0.12302839116719243,0.04416403785488959,0.015772870662460567
DCPS,442,Columbia Heights Education Campus (CHEC),6th-12th,1320.0,58.12,3.0,1400.0,80.0,38.92954477,-77.03585831,Cluster 2,Ward 1,Education Campus/Multi,1240.0,58.59,3.0,1400.0,160.0,1304,418.0,257.0,281.0,245.0,1245.0,390.0,268.0,307.0,203.0,29569861.24634514,14010.0,15103919.0,8377643.0,0.9428571428571428,0.8857142857142857,1201.0,1168.0,0.3480432972522898,0.31666666666666665,0.21398834304746045,0.1946969696969697,0.23397169025811823,0.2128787878787879,0.20399666944213155,0.1856060606060606,0.3339041095890411,0.22945205479452055,0.2628424657534247,0.1738013698630137,0.31451612903225806,0.2161290322580645,0.24758064516129033,0.16370967741935483
DCPS,455,Coolidge High School,9th-12th,327.0,14.79,1.0,0.0,0.0,38.96728457,-77.01957835,Cluster 17,Ward 4,High,310.0,13.24,1.0,1105.0,795.0,330,61.0,47.0,63.0,143.0,329.0,101.0,53.0,58.0,87.0,13010968.0001285,4010.0,6724146.0,3558676.0,inf,0.28054298642533937,314.0,299.0,0.1942675159235669,0.18654434250764526,0.14968152866242038,0.1437308868501529,0.20063694267515925,0.1926605504587156,0.4554140127388535,0.43730886850152906,0.3377926421404682,0.17725752508361203,0.1939799331103679,0.2909698996655518,0.3258064516129032,0.17096774193548386,0.1870967741935484,0.2806451612903226
DCPS,405,Deal Middle School,6th-8th,1507.0,88.93,5.0,1570.0,63.0,38.95289674,-77.07519907,Cluster 11,Ward 3,Middle,1475.0,88.22,5.0,1570.0,95.0,1547,1026.0,132.0,46.0,22.0,1520.0,1024.0,122.0,42.0,15.0,23619740.0,13320.0,12417393.0,8486178.0,0.9598726114649682,0.9394904458598726,1226.0,1203.0,0.8368678629690048,0.6808228268082283,0.10766721044045677,0.08759124087591241,0.037520391517128875,0.030524220305242204,0.01794453507340946,0.014598540145985401,0.8512053200332502,0.10141313383208644,0.034912718204488775,0.012468827930174564,0.6942372881355933,0.08271186440677966,0.02847457627118644,0.010169491525423728
DCPS,349,Dorothy Height Elementary School,PK3-5th,480.0,60.16,4.0,635.0,155.0,38.94470049,-77.03054061,Cluster 18,Ward 4,Elementary,479.0,59.19,3.0,635.0,156.0,342,183.0,72.0,35.0,5.0,343.0,179.0,84.0,41.0,11.0,12310488.809812194,5920.0,6502401.0,4288047.0,0.7559055118110236,0.7543307086614173,295.0,315.0,0.6203389830508474,0.38125,0.2440677966101695,0.15,0.11864406779661017,0.07291666666666667,0.01694915254237288,0.010416666666666666,0.5682539682539682,0.26666666666666666,0.13015873015873017,0.03492063492063492,0.3736951983298539,0.17536534446764093,0.08559498956158663,0.022964509394572025
DCPS,231,Drew Elementary School,PK3-5th,236.0,20.4,2.0,362.0,126.0,38.89599397,-76.91992701,Cluster 31,Ward 7,Elementary,272.0,30.73,2.0,362.0,90.0,220,95.0,59.0,38.0,20.0,253.0,90.0,94.0,47.0,14.0,6514431.605821138,2200.0,3521707.0,2350996.0,0.6519337016574586,0.7513812154696132,212.0,245.0,0.4481132075471698,0.4025423728813559,0.2783018867924528,0.25,0.1792452830188679,0.16101694915254236,0.09433962264150944,0.0847457627118644,0.3673469387755102,0.3836734693877551,0.19183673469387755,0.05714285714285714,0.33088235294117646,0.34558823529411764,0.17279411764705882,0.051470588235294115
DCPS,467,Dunbar High School,9th-12th,667.0,22.24,2.0,1135.0,468.0,38.90762655,-77.01269148,Cluster 21,Ward 5,High,617.0,26.57,2.0,1135.0,518.0,718,27.0,43.0,135.0,508.0,671.0,37.0,61.0,164.0,398.0,17457680.481097747,6860.0,8919967.0,5286569.0,0.5876651982378854,0.5436123348017621,713.0,660.0,0.037868162692847124,0.04047976011994003,0.06030855539971949,0.06446776611694154,0.18934081346423562,0.20239880059970014,0.7124824684431977,0.7616191904047976,0.05606060606060606,0.09242424242424242,0.24848484848484848,0.603030303030303,0.059967585089141004,0.09886547811993517,0.26580226904376014,0.6450567260940032
DCPS,457,Eastern High School,9th-12th,744.0,25.45,2.0,1100.0,356.0,38.89040266,-76.97968429,Cluster 26,Ward 6,High,769.0,31.67,2.0,1100.0,331.0,776,59.0,86.0,170.0,458.0,773.0,94.0,109.0,174.0,380.0,22845763.942949336,10700.0,10952631.0,5851047.0,0.6763636363636364,0.6990909090909091,773.0,757.0,0.07632600258732213,0.0793010752688172,0.111254851228978,0.11559139784946236,0.21992238033635186,0.22849462365591397,0.592496765847348,0.6155913978494624,0.12417437252311757,0.14398943196829592,0.22985468956406868,0.5019815059445178,0.1222366710013004,0.14174252275682706,0.22626788036410922,0.494148244473342
DCPS,232,Eaton Elementary School,PK4-5th,474.0,72.54,4.0,451.0,0.0,38.93272707,-77.06582114,Cluster 15,Ward 3,Elementary,476.0,88.24,5.0,451.0,0.0,456,260.0,23.0,5.0,5.0,453.0,256.0,5.0,0.0,0.0,8591750.0,4770.0,4295001.0,3602054.0,1.0509977827050998,1.0554323725055432,293.0,261.0,0.8873720136518771,0.5485232067510548,0.07849829351535836,0.04852320675105485,0.017064846416382253,0.010548523206751054,0.017064846416382253,0.010548523206751054,0.9808429118773946,0.019157088122605363,0.0,0.0,0.5378151260504201,0.01050420168067227,0.0,0.0
DCPS,407,Eliot-Hine Middle School,6th-8th,232.0,31.2,2.0,0.0,0.0,38.89243149,-76.97897792,Cluster 25,Ward 6,Middle,203.0,7.43,1.0,717.0,514.0,265,72.0,48.0,67.0,69.0,227.0,55.0,54.0,56.0,48.0,7871144.3181985505,2390.0,3738793.0,2137601.0,inf,0.28312412831241285,256.0,213.0,0.28125,0.3103448275862069,0.1875,0.20689655172413793,0.26171875,0.28879310344827586,0.26953125,0.2974137931034483,0.25821596244131456,0.2535211267605634,0.26291079812206575,0.22535211267605634,0.270935960591133,0.2660098522167488,0.27586206896551724,0.23645320197044334
DCPS,471,Ellington School of the Arts,9th-12th,545.0,74.13,4.0,600.0,55.0,38.91344638,-77.07030757,Cluster 4,Ward 2,High,566.0,72.66,4.0,600.0,34.0,567,112.0,142.0,147.0,159.0,558.0,224.0,101.0,111.0,82.0,12437825.653188117,5270.0,6791997.0,3355125.0,0.9083333333333333,0.9433333333333334,560.0,518.0,0.2,0.20550458715596331,0.25357142857142856,0.26055045871559634,0.2625,0.26972477064220185,0.2839285714285714,0.29174311926605506,0.43243243243243246,0.19498069498069498,0.21428571428571427,0.1583011583011583,0.3957597173144876,0.1784452296819788,0.196113074204947,0.14487632508833923
DCPS,318,Excel Academy,PK3-8th,469.0,43.87,3.0,0.0,0.0,38.85976209,-76.99535457,Cluster 37,Ward 8,Education Campus/Multi,,,,,,,,,,,,,,,,,,,,inf,,,,,,,,,,,,,,,,,,,
DCPS,238,Garfield Elementary School,PK3-5th,291.0,21.94,2.0,381.0,90.0,38.85173338,-76.97080478,Cluster 36,Ward 8,Elementary,301.0,32.1,2.0,381.0,80.0,274,112.0,99.0,22.0,25.0,281.0,127.0,103.0,21.0,5.0,7432684.903997406,2970.0,4272427.0,2770000.0,0.7637795275590551,0.7900262467191601,258.0,256.0,0.43410852713178294,0.3848797250859107,0.38372093023255816,0.3402061855670103,0.08527131782945736,0.07560137457044673,0.09689922480620156,0.0859106529209622,0.49609375,0.40234375,0.08203125,0.01953125,0.4219269102990033,0.34219269102990035,0.06976744186046512,0.016611295681063124
DCPS,239,Garrison Elementary School,PK3-5th,277.0,78.16,4.0,356.0,79.0,38.91390129,-77.02861256,Cluster 7,Ward 2,Elementary,250.0,57.94,3.0,356.0,106.0,217,113.0,32.0,18.0,5.0,192.0,130.0,30.0,5.0,5.0,8010140.237101566,2600.0,4031624.0,2377449.0,0.7780898876404494,0.702247191011236,168.0,170.0,0.6726190476190477,0.40794223826714804,0.19047619047619047,0.11552346570397112,0.10714285714285714,0.06498194945848375,0.02976190476190476,0.018050541516245487,0.7647058823529411,0.17647058823529413,0.029411764705882353,0.029411764705882353,0.52,0.12,0.02,0.02
DCPS,227,H D Cooke Elementary School,PK3-5th,387.0,52.53,3.0,441.0,54.0,38.92394309,-77.03881058,Cluster 1,Ward 1,Elementary,404.0,71.4,4.0,441.0,37.0,330,162.0,67.0,53.0,,337.0,163.0,64.0,47.0,19.0,11088895.895026036,3950.0,5632610.0,3578084.0,0.8775510204081632,0.9160997732426304,,293.0,,0.4186046511627907,,0.1731266149870801,,0.13695090439276486,,,0.5563139931740614,0.21843003412969283,0.16040955631399317,0.06484641638225255,0.4034653465346535,0.15841584158415842,0.11633663366336634,0.04702970297029703
DCPS,246,Hardy Middle School,6th-8th,451.0,90.44,5.0,485.0,34.0,38.91550903,-77.0686139,Cluster 4,Ward 2,Middle,392.0,82.74,5.0,485.0,93.0,476,301.0,42.0,10.0,17.0,405.0,282.0,16.0,5.0,5.0,8879999.998946,3800.0,4464986.0,3313663.0,0.9298969072164949,0.8082474226804124,370.0,308.0,0.8135135135135135,0.6674057649667405,0.11351351351351352,0.09312638580931264,0.02702702702702703,0.022172949002217297,0.04594594594594595,0.037694013303769404,0.9155844155844156,0.05194805194805195,0.016233766233766232,0.016233766233766232,0.7193877551020408,0.04081632653061224,0.012755102040816327,0.012755102040816327
DCPS,413,Hart Middle School,6th-8th,357.0,44.2,3.0,1105.0,748.0,38.83773787,-76.99717875,Cluster 39,Ward 8,Middle,337.0,20.83,2.0,1105.0,768.0,421,169.0,137.0,72.0,5.0,392.0,173.0,121.0,47.0,29.0,13644616.118516931,4310.0,6481193.0,2915118.0,0.3230769230769231,0.3049773755656109,383.0,370.0,0.4412532637075718,0.4733893557422969,0.3577023498694517,0.38375350140056025,0.18798955613577023,0.20168067226890757,0.013054830287206266,0.014005602240896359,0.46756756756756757,0.327027027027027,0.12702702702702703,0.07837837837837838,0.5133531157270029,0.3590504451038576,0.1394658753709199,0.08605341246290801
DCPS,258,Hearst Elementary School,PK4-5th,331.0,66.61,4.0,344.0,13.0,38.94072265,-77.07195522,Cluster 15,Ward 3,Elementary,312.0,75.17,4.0,344.0,32.0,303,172.0,24.0,5.0,,278.0,183.0,24.0,5.0,0.0,7331423.969367942,3000.0,3675236.0,2703376.0,0.9622093023255814,0.9069767441860465,,212.0,,0.5196374622356495,,0.07250755287009064,,0.015105740181268883,,,0.8632075471698113,0.11320754716981132,0.02358490566037736,0.0,0.5865384615384616,0.07692307692307693,0.016025641025641024,0.0
DCPS,249,Hendley Elementary School,PK3-5th,366.0,35.84,2.0,479.0,113.0,38.82898591,-76.99918485,Cluster 39,Ward 8,Elementary,379.0,27.46,2.0,479.0,100.0,365,84.0,121.0,104.0,31.0,387.0,82.0,108.0,115.0,75.0,11042737.178587636,5100.0,5644737.0,3831414.0,0.7640918580375783,0.791231732776618,340.0,380.0,0.24705882352941178,0.22950819672131148,0.3558823529411765,0.33060109289617484,0.3058823529411765,0.28415300546448086,0.09117647058823529,0.08469945355191257,0.21578947368421053,0.28421052631578947,0.3026315789473684,0.19736842105263158,0.21635883905013192,0.2849604221635884,0.3034300791556728,0.19788918205804748
DCPS,251,Houston Elementary School,PK3-5th,277.0,26.18,2.0,0.0,0.0,38.90541532,-76.92994765,Cluster 31,Ward 7,Elementary,269.0,30.0,2.0,419.0,150.0,226,100.0,57.0,38.0,5.0,227.0,92.0,64.0,47.0,20.0,7296074.686244477,2910.0,3809965.0,2275149.0,inf,0.6420047732696897,200.0,223.0,0.5,0.36101083032490977,0.285,0.20577617328519857,0.19,0.1371841155234657,0.025,0.018050541516245487,0.4125560538116592,0.28699551569506726,0.21076233183856502,0.08968609865470852,0.3420074349442379,0.2379182156133829,0.17472118959107807,0.07434944237918216
DCPS,252,Hyde-Addison Elementary School,PK3-5th,352.0,60.69,4.0,0.0,0.0,38.92282623,-77.02659252,Cluster 2,Ward 1,Elementary,320.0,87.57,5.0,0.0,0.0,318,167.0,38.0,5.0,18.0,272.0,172.0,43.0,5.0,0.0,6897653.434736639,3220.0,3331477.0,2867084.0,inf,inf,228.0,220.0,0.7324561403508771,0.4744318181818182,0.16666666666666666,0.10795454545454546,0.021929824561403508,0.014204545454545454,0.07894736842105263,0.05113636363636364,0.7818181818181819,0.19545454545454546,0.022727272727272728,0.0,0.5375,0.134375,0.015625,0.0
DCPS,480,Inspiring Youth Program (formerly Incarcerated Youth Program),Alternative,32.0,,,0.0,0.0,38.88343091,-76.97637892,Cluster 26,Ward 7,Adult/Alt,40.0,,,0.0,0.0,,,,,,,,,,,2850521.996726983,240.0,,,inf,inf,,,,,,,,,,,,,,,,,,
DCPS,339,1,PK3-5th,477.0,50.77,3.0,513.0,36.0,38.902758,-76.99658902,Cluster 25,Ward 6,Elementary,509.0,59.25,3.0,513.0,4.0,399,146.0,108.0,83.0,,421.0,180.0,120.0,71.0,23.0,11515283.958114004,4930.0,5906913.0,4219416.0,0.9298245614035088,0.9922027290448343,,394.0,,0.3060796645702306,,0.22641509433962265,,0.1740041928721174,,,0.45685279187817257,0.30456852791878175,0.1802030456852792,0.0583756345177665,0.35363457760314343,0.2357563850687623,0.13948919449901767,0.04518664047151277
DCPS,254,Janney Elementary School,PK4-5th,739.0,83.03,5.0,722.0,0.0,38.94755042,-77.08099483,Cluster 11,Ward 3,Elementary,737.0,88.2,5.0,722.0,0.0,687,427.0,24.0,5.0,5.0,680.0,506.0,24.0,5.0,0.0,13141750.0,7300.0,6602473.0,5039961.0,1.0235457063711912,1.020775623268698,461.0,535.0,0.9262472885032538,0.577807848443843,0.052060737527114966,0.03247631935047361,0.010845986984815618,0.006765899864682003,0.010845986984815618,0.006765899864682003,0.9457943925233645,0.044859813084112146,0.009345794392523364,0.0,0.6865671641791045,0.032564450474898234,0.0067842605156037995,0.0
DCPS,416,"Johnson, John Hayden Middle School",6th-8th,275.0,25.55,2.0,744.0,469.0,38.85133691,-76.98370368,Cluster 38,Ward 8,Middle,255.0,21.01,2.0,744.0,489.0,321,37.0,72.0,121.0,62.0,293.0,74.0,92.0,76.0,48.0,8849974.481769396,2990.0,4256026.0,2532462.0,0.3696236559139785,0.34274193548387094,292.0,290.0,0.1267123287671233,0.13454545454545455,0.2465753424657534,0.26181818181818184,0.4143835616438356,0.44,0.21232876712328766,0.22545454545454546,0.25517241379310346,0.31724137931034485,0.2620689655172414,0.16551724137931034,0.2901960784313726,0.3607843137254902,0.2980392156862745,0.18823529411764706
DCPS,421,Kelly Miller Middle School,6th-8th,482.0,25.91,2.0,720.0,238.0,38.89331541,-76.93245515,Cluster 31,Ward 7,Middle,387.0,20.45,2.0,720.0,333.0,557,89.0,118.0,175.0,,470.0,152.0,104.0,125.0,75.0,12895960.001537124,5650.0,6125581.0,3515590.0,0.6694444444444444,0.5375,,456.0,,0.18464730290456433,,0.24481327800829875,,0.3630705394190871,,,0.3333333333333333,0.22807017543859648,0.2741228070175439,0.16447368421052633,0.39276485788113696,0.268733850129199,0.32299741602067183,0.1937984496124031
DCPS,257,Ketcham Elementary School,PK3-5th,300.0,42.18,3.0,325.0,25.0,38.86604269,-76.98362116,Cluster 28,Ward 8,Elementary,310.0,49.0,3.0,325.0,15.0,256,57.0,67.0,69.0,89.0,269.0,67.0,88.0,90.0,20.0,7445356.124901836,3200.0,3911474.0,2687586.0,0.9230769230769231,0.9538461538461539,282.0,265.0,0.20212765957446807,0.19,0.2375886524822695,0.22333333333333333,0.24468085106382978,0.23,0.31560283687943264,0.2966666666666667,0.2528301886792453,0.3320754716981132,0.33962264150943394,0.07547169811320754,0.2161290322580645,0.2838709677419355,0.2903225806451613,0.06451612903225806
DCPS,272,Key Elementary School,PK4-5th,399.0,76.58,4.0,532.0,133.0,38.92680184,-77.10052732,Cluster 13,Ward 3,Elementary,417.0,76.61,4.0,432.0,15.0,364,203.0,24.0,5.0,171.0,386.0,259.0,32.0,5.0,0.0,7272976.524901374,3950.0,3793751.0,3247182.0,0.75,0.9652777777777778,403.0,296.0,0.5037220843672456,0.5087719298245614,0.05955334987593052,0.06015037593984962,0.01240694789081886,0.012531328320802004,0.42431761786600497,0.42857142857142855,0.875,0.10810810810810811,0.016891891891891893,0.0,0.6211031175059952,0.07673860911270983,0.011990407673860911,0.0
DCPS,259,Kimball Elementary School,PK3-5th,343.0,60.14,4.0,0.0,0.0,38.87906828,-76.93761631,Cluster 33,Ward 7,Elementary,325.0,27.81,2.0,0.0,0.0,316,185.0,88.0,20.0,44.0,303.0,180.0,91.0,15.0,5.0,8034221.706259391,3520.0,4136103.0,3049204.0,inf,inf,337.0,291.0,0.5489614243323442,0.5393586005830904,0.26112759643916916,0.2565597667638484,0.05934718100890208,0.05830903790087463,0.13056379821958458,0.1282798833819242,0.6185567010309279,0.3127147766323024,0.05154639175257732,0.01718213058419244,0.5538461538461539,0.28,0.046153846153846156,0.015384615384615385
DCPS,344,"King, M L Elementary School",PK3-5th,295.0,35.37,2.0,444.0,149.0,38.84244319,-76.99823899,Cluster 39,Ward 8,Elementary,346.0,25.44,2.0,444.0,98.0,270,53.0,57.0,86.0,5.0,312.0,86.0,72.0,90.0,50.0,9129363.996213082,3880.0,4995703.0,3514917.0,0.6644144144144144,0.7792792792792793,201.0,298.0,0.263681592039801,0.17966101694915254,0.2835820895522388,0.19322033898305085,0.42786069651741293,0.29152542372881357,0.024875621890547265,0.01694915254237288,0.28859060402684567,0.24161073825503357,0.30201342281879195,0.16778523489932887,0.24855491329479767,0.20809248554913296,0.26011560693641617,0.14450867052023122
DCPS,417,Kramer Middle School,6th-8th,208.0,1.61,1.0,600.0,392.0,38.8712864,-76.9801713,Cluster 34,Ward 8,Middle,194.0,5.72,1.0,600.0,406.0,254,17.0,31.0,58.0,5.0,237.0,34.0,50.0,64.0,84.0,8934924.0022365,3180.0,4332477.0,2179548.0,0.3466666666666667,0.3233333333333333,111.0,232.0,0.15315315315315314,0.08173076923076923,0.27927927927927926,0.14903846153846154,0.5225225225225225,0.27884615384615385,0.04504504504504504,0.02403846153846154,0.14655172413793102,0.21551724137931033,0.27586206896551724,0.3620689655172414,0.17525773195876287,0.25773195876288657,0.32989690721649484,0.4329896907216495
DCPS,261,Lafayette Elementary School,PK4-5th,887.0,81.51,5.0,805.0,0.0,38.96662755,-77.06803712,Cluster 10,Ward 4,Elementary,816.0,73.92,4.0,805.0,0.0,803,438.0,11.0,5.0,70.0,737.0,402.0,5.0,5.0,0.0,12665080.0,6930.0,6366155.0,5371216.0,1.101863354037267,1.013664596273292,524.0,412.0,0.8358778625954199,0.49379932356257045,0.02099236641221374,0.012401352874859075,0.009541984732824428,0.005636978579481398,0.13358778625954199,0.07891770011273957,0.9757281553398058,0.012135922330097087,0.012135922330097087,0.0,0.49264705882352944,0.006127450980392157,0.006127450980392157,0.0
DCPS,262,Langdon Elementary School,PK3-5th,353.0,65.73,4.0,500.0,147.0,38.92470416,-76.97708185,Cluster 22,Ward 5,Elementary,324.0,72.65,4.0,500.0,176.0,340,158.0,91.0,48.0,146.0,292.0,138.0,70.0,39.0,14.0,6921951.503670291,2610.0,3895729.0,2804787.0,0.706,0.648,443.0,261.0,0.35665914221218964,0.4475920679886686,0.2054176072234763,0.2577903682719547,0.10835214446952596,0.1359773371104816,0.3295711060948081,0.41359773371104813,0.5287356321839081,0.2681992337164751,0.14942528735632185,0.05363984674329502,0.42592592592592593,0.21604938271604937,0.12037037037037036,0.043209876543209874
DCPS,370,Langley Elementary School,PK3-5th,290.0,32.07,2.0,530.0,240.0,38.91516879,-77.00588662,Cluster 21,Ward 5,Elementary,275.0,14.26,1.0,530.0,255.0,232,78.0,71.0,48.0,5.0,250.0,107.0,68.0,42.0,21.0,8813882.94834839,3100.0,4355320.0,2581967.0,0.5471698113207547,0.5188679245283019,202.0,238.0,0.38613861386138615,0.2689655172413793,0.35148514851485146,0.24482758620689654,0.2376237623762376,0.16551724137931034,0.024752475247524754,0.017241379310344827,0.4495798319327731,0.2857142857142857,0.17647058823529413,0.08823529411764706,0.3890909090909091,0.24727272727272728,0.15272727272727274,0.07636363636363637
DCPS,264,LaSalle-Backus Education Campus,PK3-8th,382.0,64.1,4.0,400.0,18.0,38.95997214,-76.99988254,Cluster 19,Ward 4,Education Campus/Multi,363.0,55.23,3.0,400.0,37.0,386,183.0,84.0,48.0,23.0,352.0,175.0,76.0,40.0,25.0,11204438.0042095,3520.0,5534604.0,3244381.0,0.955,0.9075,338.0,316.0,0.5414201183431953,0.4790575916230366,0.2485207100591716,0.2198952879581152,0.14201183431952663,0.1256544502617801,0.06804733727810651,0.060209424083769635,0.5537974683544303,0.24050632911392406,0.12658227848101267,0.07911392405063292,0.4820936639118457,0.209366391184573,0.11019283746556474,0.06887052341597796
DCPS,266,Leckie Education Campus,PK3-8th,529.0,32.15,2.0,580.0,51.0,38.82819678,-77.01289191,Cluster 39,Ward 8,Education Campus/Multi,558.0,33.85,2.0,580.0,22.0,465,176.0,127.0,114.0,,490.0,197.0,154.0,102.0,17.0,10202107.77872032,4740.0,5409962.0,4062673.0,0.9120689655172414,0.9620689655172414,,470.0,,0.332703213610586,,0.24007561436672967,,0.21550094517958412,,,0.41914893617021276,0.3276595744680851,0.2170212765957447,0.036170212765957444,0.35304659498207885,0.27598566308243727,0.1827956989247312,0.03046594982078853
DCPS,271,Ludlow-Taylor Elementary School,PK3-5th,439.0,51.87,3.0,493.0,54.0,38.89874414,-76.99649249,Cluster 25,Ward 6,Elementary,414.0,77.61,4.0,493.0,79.0,335,222.0,32.0,5.0,34.0,314.0,184.0,53.0,18.0,5.0,8931684.255332343,3510.0,4973431.0,3440238.0,0.8904665314401623,0.8397565922920892,293.0,260.0,0.757679180887372,0.5056947608200456,0.10921501706484642,0.07289293849658314,0.017064846416382253,0.011389521640091117,0.11604095563139932,0.0774487471526196,0.7076923076923077,0.20384615384615384,0.06923076923076923,0.019230769230769232,0.4444444444444444,0.1280193236714976,0.043478260869565216,0.012077294685990338
DCPS,884,Luke Moore Alternative High School,9th-12th,288.0,,,350.0,62.0,38.93227638,-76.99231633,Cluster 22,Ward 5,High,251.0,29.69,2.0,350.0,99.0,165,5.0,5.0,13.0,5.0,184.0,17.0,16.0,35.0,111.0,7232096.006766069,3620.0,3618704.0,2887150.0,0.8228571428571428,0.7171428571428572,28.0,179.0,0.17857142857142858,0.017361111111111112,0.17857142857142858,0.017361111111111112,0.4642857142857143,0.04513888888888889,0.17857142857142858,0.017361111111111112,0.09497206703910614,0.0893854748603352,0.19553072625698323,0.6201117318435754,0.06772908366533864,0.06374501992031872,0.1394422310756972,0.44223107569721115
DCPS,420,MacFarland Middle School,6th-8th,354.0,31.12,2.0,590.0,236.0,38.94360856,-77.02777641,Cluster 18,Ward 4,Middle,132.0,55.13,3.0,590.0,458.0,387,176.0,71.0,57.0,130.0,144.0,90.0,15.0,5.0,5.0,,,1637757.0,1235843.0,0.6,0.22372881355932203,434.0,115.0,0.4055299539170507,0.4971751412429379,0.16359447004608296,0.20056497175141244,0.1313364055299539,0.16101694915254236,0.2995391705069124,0.3672316384180791,0.782608695652174,0.13043478260869565,0.043478260869565216,0.043478260869565216,0.6818181818181818,0.11363636363636363,0.03787878787878788,0.03787878787878788
DCPS,308,Malcolm X Elementary School @ Green,PK3-5th,242.0,42.32,3.0,520.0,278.0,38.8416454,-76.98339857,Cluster 38,Ward 8,Elementary,256.0,41.51,3.0,520.0,264.0,212,81.0,39.0,50.0,39.0,234.0,100.0,77.0,53.0,0.0,6366471.149535671,2290.0,3473247.0,2415497.0,0.4653846153846154,0.49230769230769234,209.0,230.0,0.3875598086124402,0.3347107438016529,0.18660287081339713,0.16115702479338842,0.23923444976076555,0.2066115702479339,0.18660287081339713,0.16115702479338842,0.43478260869565216,0.3347826086956522,0.23043478260869565,0.0,0.390625,0.30078125,0.20703125,0.0
DCPS,273,Mann Elementary School,PK4-5th,397.0,85.65,5.0,428.0,31.0,38.93429231,-77.08782619,Cluster 13,Ward 3,Elementary,400.0,87.12,5.0,428.0,28.0,374,235.0,17.0,5.0,5.0,375.0,204.0,5.0,5.0,0.0,6945972.0022365,3350.0,3721473.0,3138698.0,0.927570093457944,0.9345794392523364,262.0,214.0,0.8969465648854962,0.5919395465994962,0.0648854961832061,0.042821158690176324,0.019083969465648856,0.012594458438287154,0.019083969465648856,0.012594458438287154,0.9532710280373832,0.02336448598130841,0.02336448598130841,0.0,0.51,0.0125,0.0125,0.0
DCPS,284,Marie Reed Elementary School,PK3-5th,437.0,67.93,4.0,486.0,49.0,38.91911214,-77.04082224,Cluster 1,Ward 1,Elementary,427.0,83.7,5.0,486.0,59.0,358,196.0,58.0,24.0,5.0,344.0,182.0,62.0,30.0,5.0,10435364.13395225,3940.0,5364019.0,3545238.0,0.8991769547325102,0.8786008230452675,283.0,279.0,0.6925795053003534,0.448512585812357,0.2049469964664311,0.13272311212814644,0.08480565371024736,0.05491990846681922,0.0176678445229682,0.011441647597254004,0.6523297491039427,0.2222222222222222,0.10752688172043011,0.017921146953405017,0.4262295081967213,0.1451990632318501,0.0702576112412178,0.0117096018735363
DCPS,274,Maury Elementary School,PK3-5th,407.0,83.15,5.0,0.0,0.0,38.89243712,-76.97856502,Cluster 25,Ward 6,Elementary,407.0,94.38,5.0,388.0,0.0,339,196.0,21.0,12.0,5.0,330.0,204.0,48.0,5.0,0.0,7265554.311210605,3780.0,3846236.0,3337536.0,inf,1.0489690721649485,234.0,257.0,0.8376068376068376,0.48157248157248156,0.08974358974358974,0.051597051597051594,0.05128205128205128,0.029484029484029485,0.021367521367521368,0.012285012285012284,0.7937743190661478,0.1867704280155642,0.019455252918287938,0.0,0.5012285012285013,0.11793611793611794,0.012285012285012284,0.0
DCPS,435,McKinley Middle School,6th-8th,231.0,18.81,1.0,,,38.91522012,-77.00412244,Cluster 21,Ward 5,Education Campus/Multi,241.0,26.23,2.0,,,259,5.0,38.0,93.0,118.0,269.0,26.0,51.0,84.0,106.0,6069202.000127314,2500.0,3112876.0,1889210.0,,,254.0,267.0,0.01968503937007874,0.021645021645021644,0.14960629921259844,0.1645021645021645,0.3661417322834646,0.4025974025974026,0.4645669291338583,0.5108225108225108,0.09737827715355805,0.19101123595505617,0.3146067415730337,0.3970037453183521,0.1078838174273859,0.21161825726141079,0.34854771784232363,0.43983402489626555
DCPS,458,McKinley Technology High School,9th-12th,633.0,87.04,5.0,,,38.91522012,-77.00412244,Cluster 21,Ward 5,,620.0,85.43,5.0,,,631,125.0,206.0,220.0,67.0,615.0,209.0,206.0,138.0,39.0,14105815.999685835,6460.0,7518785.0,4611122.0,,,618.0,592.0,0.2022653721682848,0.19747235387045814,0.3333333333333333,0.325434439178515,0.3559870550161812,0.34755134281200634,0.10841423948220065,0.10584518167456557,0.3530405405405405,0.34797297297297297,0.23310810810810811,0.06587837837837837,0.3370967741935484,0.33225806451612905,0.22258064516129034,0.06290322580645161
DCPS,280,Miner Elementary School,PK3-5th,361.0,24.53,2.0,550.0,189.0,38.89737602,-76.98290432,Cluster 25,Ward 6,Elementary,345.0,45.31,3.0,550.0,205.0,284,126.0,64.0,48.0,25.0,268.0,178.0,42.0,11.0,5.0,10202898.823345274,4050.0,5091971.0,3519622.0,0.6563636363636364,0.6272727272727273,263.0,236.0,0.4790874524714829,0.3490304709141274,0.24334600760456274,0.1772853185595568,0.18250950570342206,0.1329639889196676,0.09505703422053231,0.06925207756232687,0.7542372881355932,0.17796610169491525,0.046610169491525424,0.0211864406779661,0.5159420289855072,0.12173913043478261,0.03188405797101449,0.014492753623188406
DCPS,285,Moten Elementary School,PK3-5th,323.0,19.87,1.0,480.0,157.0,38.856656,-76.98294368,Cluster 37,Ward 8,Elementary,401.0,13.63,1.0,480.0,79.0,322,84.0,80.0,94.0,51.0,360.0,57.0,90.0,107.0,97.0,9921336.53464541,4270.0,4914177.0,3430796.0,0.6729166666666667,0.8354166666666667,309.0,351.0,0.27184466019417475,0.26006191950464397,0.2588996763754045,0.2476780185758514,0.3042071197411003,0.29102167182662536,0.1650485436893204,0.15789473684210525,0.1623931623931624,0.2564102564102564,0.30484330484330485,0.27635327635327633,0.14214463840399003,0.22443890274314215,0.26683291770573564,0.24189526184538654
DCPS,287,Murch Elementary School,PK4-5th,601.0,92.3,5.0,730.0,129.0,38.95293352,-77.07007921,Cluster 12,Ward 3,Elementary,573.0,79.07,4.0,0.0,0.0,579,348.0,38.0,5.0,5.0,538.0,364.0,53.0,10.0,0.0,11984592.0022365,6340.0,5692681.0,4513199.0,0.8232876712328767,inf,396.0,427.0,0.8787878787878788,0.5790349417637272,0.09595959595959595,0.0632279534109817,0.012626262626262626,0.008319467554076539,0.012626262626262626,0.008319467554076539,0.8524590163934426,0.12412177985948478,0.0234192037470726,0.0,0.6352530541012217,0.0924956369982548,0.017452006980802792,0.0
DCPS,288,Nalle Elementary School,PK3-5th,370.0,54.86,3.0,400.0,30.0,38.88595442,-76.93079651,Cluster 33,Ward 7,Elementary,387.0,44.78,3.0,400.0,13.0,313,184.0,55.0,30.0,11.0,327.0,181.0,105.0,13.0,5.0,9386882.004541112,3890.0,4589598.0,3373621.0,0.925,0.9675,280.0,304.0,0.6571428571428571,0.4972972972972973,0.19642857142857142,0.14864864864864866,0.10714285714285714,0.08108108108108109,0.039285714285714285,0.02972972972972973,0.5953947368421053,0.34539473684210525,0.04276315789473684,0.01644736842105263,0.46770025839793283,0.2713178294573643,0.03359173126614987,0.012919896640826873
DCPS,290,Noyes Elementary School,PK3-5th,224.0,29.81,2.0,379.0,155.0,38.92517798,-76.99184288,Cluster 22,Ward 5,Elementary,195.0,25.08,2.0,379.0,184.0,222,132.0,38.0,11.0,5.0,190.0,100.0,37.0,11.0,5.0,6842275.239834971,2140.0,3301360.0,1978631.0,0.5910290237467019,0.5145118733509235,186.0,153.0,0.7096774193548387,0.5892857142857143,0.20430107526881722,0.16964285714285715,0.05913978494623656,0.049107142857142856,0.026881720430107527,0.022321428571428572,0.6535947712418301,0.24183006535947713,0.0718954248366013,0.032679738562091505,0.5128205128205128,0.18974358974358974,0.05641025641025641,0.02564102564102564
DCPS,201,Oyster Adams Bilingual School (Adams),4th-8th,343.0,77.53,4.0,348.0,5.0,38.91730954,-77.04437725,Cluster 1,Ward 1,Middle,347.0,80.14,5.0,348.0,1.0,,,,,,,,,,,,,,,0.985632183908046,0.9971264367816092,,,,,,,,,,,,,,,,,,
DCPS,292,Oyster Adams Bilingual School (Oyster),PK4-3rd,363.0,77.53,4.0,375.0,12.0,38.92359583,-77.05720337,Cluster 15,Ward 3,Elementary,330.0,80.14,5.0,375.0,45.0,686,422.0,76.0,5.0,5.0,646.0,398.0,71.0,5.0,5.0,16505914.0,6430.0,8171881.0,6032467.0,0.968,0.88,508.0,479.0,0.8307086614173228,1.162534435261708,0.14960629921259844,0.209366391184573,0.00984251968503937,0.013774104683195593,0.00984251968503937,0.013774104683195593,0.8308977035490606,0.14822546972860126,0.010438413361169102,0.010438413361169102,1.206060606060606,0.21515151515151515,0.015151515151515152,0.015151515151515152
DCPS,294,Patterson Elementary School,PK3-5th,386.0,16.94,1.0,498.0,112.0,38.82696636,-77.00848471,Cluster 39,Ward 8,Elementary,374.0,17.74,1.0,498.0,124.0,353,89.0,113.0,76.0,70.0,322.0,195.0,49.0,5.0,0.0,10000778.553596798,4060.0,5470958.0,3406907.0,0.7751004016064257,0.751004016064257,348.0,249.0,0.2557471264367816,0.23056994818652848,0.32471264367816094,0.2927461139896373,0.21839080459770116,0.19689119170984457,0.20114942528735633,0.18134715025906736,0.7831325301204819,0.19678714859437751,0.020080321285140562,0.0,0.5213903743315508,0.13101604278074866,0.013368983957219251,0.0
DCPS,295,Payne Elementary School,PK3-5th,346.0,71.93,4.0,348.0,2.0,38.88517068,-76.98498373,Cluster 26,Ward 6,Elementary,315.0,40.08,3.0,348.0,33.0,268,109.0,60.0,45.0,38.0,283.0,91.0,90.0,62.0,27.0,8589652.729458086,2890.0,4294371.0,2578206.0,0.9942528735632183,0.9051724137931034,252.0,270.0,0.43253968253968256,0.315028901734104,0.23809523809523808,0.17341040462427745,0.17857142857142858,0.13005780346820808,0.15079365079365079,0.10982658959537572,0.337037037037037,0.3333333333333333,0.22962962962962963,0.1,0.28888888888888886,0.2857142857142857,0.19682539682539682,0.08571428571428572
DCPS,301,Peabody Elementary School (Capitol Hill Cluster),PK3-KG,226.0,,,240.0,14.0,38.89289632,-76.99985799,Cluster 25,Ward 6,Elementary,227.0,,,240.0,13.0,88,60.0,5.0,5.0,5.0,88.0,64.0,5.0,5.0,0.0,4900184.072911319,2300.0,2499346.0,2305263.0,0.9416666666666667,0.9458333333333333,75.0,74.0,0.8,0.26548672566371684,0.06666666666666667,0.022123893805309734,0.06666666666666667,0.022123893805309734,0.06666666666666667,0.022123893805309734,0.8648648648648649,0.06756756756756757,0.06756756756756757,0.0,0.28193832599118945,0.022026431718061675,0.022026431718061675,0.0
DCPS,478,"Phelps Architecture, Construction, and Engineering High School",9th-12th,265.0,54.27,3.0,512.0,247.0,38.90199202,-76.97189763,Cluster 23,Ward 5,High,260.0,44.7,3.0,512.0,252.0,264,43.0,63.0,79.0,75.0,261.0,35.0,49.0,94.0,80.0,8835779.994462866,3610.0,4196996.0,2765707.0,0.517578125,0.5078125,260.0,258.0,0.16538461538461538,0.16226415094339622,0.2423076923076923,0.23773584905660378,0.3038461538461538,0.2981132075471698,0.28846153846153844,0.2830188679245283,0.13565891472868216,0.18992248062015504,0.3643410852713178,0.31007751937984496,0.1346153846153846,0.18846153846153846,0.36153846153846153,0.3076923076923077
DCPS,299,Plummer Elementary School,PK3-5th,331.0,43.81,3.0,448.0,117.0,38.8872402,-76.93993468,Cluster 33,Ward 7,Elementary,375.0,45.35,3.0,448.0,73.0,293,92.0,102.0,59.0,27.0,341.0,113.0,169.0,33.0,17.0,10843364.867150526,4670.0,5156682.0,3468759.0,0.7388392857142857,0.8370535714285714,280.0,332.0,0.32857142857142857,0.27794561933534745,0.36428571428571427,0.3081570996978852,0.21071428571428572,0.1782477341389728,0.09642857142857143,0.08157099697885196,0.34036144578313254,0.5090361445783133,0.09939759036144578,0.05120481927710843,0.30133333333333334,0.45066666666666666,0.088,0.04533333333333334
DCPS,300,Powell Elementary School,PK3-5th,535.0,62.23,4.0,480.0,0.0,38.94162369,-77.03139783,Cluster 18,Ward 4,Elementary,548.0,59.92,3.0,480.0,0.0,469,294.0,41.0,17.0,5.0,461.0,286.0,72.0,5.0,11.0,13538942.586135002,4960.0,6798461.0,4149363.0,1.1145833333333333,1.1416666666666666,357.0,374.0,0.8235294117647058,0.5495327102803739,0.11484593837535013,0.07663551401869159,0.047619047619047616,0.03177570093457944,0.014005602240896359,0.009345794392523364,0.7647058823529411,0.1925133689839572,0.013368983957219251,0.029411764705882353,0.5218978102189781,0.13138686131386862,0.009124087591240875,0.020072992700729927
DCPS,316,Randle Highlands Elementary School,PK3-5th,329.0,48.55,3.0,450.0,121.0,38.87009174,-76.96435628,Cluster 34,Ward 7,Elementary,325.0,20.98,2.0,450.0,125.0,272,178.0,58.0,5.0,5.0,266.0,181.0,38.0,5.0,0.0,8240200.023307885,3650.0,4018149.0,3047845.0,0.7311111111111112,0.7222222222222222,246.0,224.0,0.7235772357723578,0.541033434650456,0.23577235772357724,0.1762917933130699,0.02032520325203252,0.015197568389057751,0.02032520325203252,0.015197568389057751,0.8080357142857143,0.16964285714285715,0.022321428571428572,0.0,0.556923076923077,0.11692307692307692,0.015384615384615385,0.0
DCPS,302,Raymond Education Campus,PK3-8th,558.0,62.46,4.0,649.0,91.0,38.93581121,-77.02643266,Cluster 18,Ward 4,Education Campus/Multi,589.0,59.12,3.0,649.0,60.0,505,285.0,134.0,36.0,17.0,541.0,322.0,148.0,37.0,5.0,14955645.849658364,5850.0,7576612.0,4800454.0,0.8597842835130971,0.9075500770416025,472.0,512.0,0.6038135593220338,0.510752688172043,0.2838983050847458,0.24014336917562723,0.07627118644067797,0.06451612903225806,0.036016949152542374,0.03046594982078853,0.62890625,0.2890625,0.072265625,0.009765625,0.5466893039049237,0.25127334465195245,0.06281833616298811,0.008488964346349746
DCPS,304,River Terrace Education Campus,SPED,131.0,,,160.0,29.0,38.8952415,-76.95896387,Cluster 32,Ward 7,SPED,137.0,,,160.0,23.0,72,24.0,13.0,12.0,17.0,76.0,52.0,10.0,5.0,5.0,7412681.958022103,1080.0,4068472.0,1389835.0,0.81875,0.85625,66.0,72.0,0.36363636363636365,0.183206106870229,0.19696969696969696,0.09923664122137404,0.18181818181818182,0.0916030534351145,0.25757575757575757,0.1297709923664122,0.7222222222222222,0.1388888888888889,0.06944444444444445,0.06944444444444445,0.3795620437956204,0.072992700729927,0.0364963503649635,0.0364963503649635
DCPS,436,Ron Brown College Preparatory High School,9th-11th,261.0,15.1,1.0,600.0,339.0,38.90656271,-76.93270478,Cluster 31,Ward 7,High,209.0,29.57,2.0,600.0,391.0,275,23.0,44.0,71.0,134.0,213.0,33.0,42.0,56.0,80.0,,,,,0.435,0.34833333333333333,272.0,211.0,0.08455882352941177,0.08812260536398467,0.16176470588235295,0.1685823754789272,0.2610294117647059,0.2720306513409962,0.49264705882352944,0.5134099616858238,0.15639810426540285,0.1990521327014218,0.26540284360189575,0.3791469194312796,0.15789473684210525,0.20095693779904306,0.2679425837320574,0.3827751196172249
DCPS,459,Roosevelt High School,9th-12th,645.0,12.69,1.0,,,38.94302943,-77.02919685,Cluster 18,Ward 4,High,698.0,10.62,1.0,,,697,67.0,82.0,138.0,400.0,725.0,92.0,82.0,139.0,392.0,15648414.002407856,5140.0,9117002.0,4374306.0,,,687.0,705.0,0.0975254730713246,0.10387596899224806,0.11935953420669577,0.12713178294573643,0.20087336244541484,0.21395348837209302,0.5822416302765647,0.6201550387596899,0.13049645390070921,0.11631205673758865,0.1971631205673759,0.5560283687943263,0.1318051575931232,0.1174785100286533,0.1991404011461318,0.5616045845272206
DCPS,456,Roosevelt STAY,Adult,648.0,17.06,1.0,,,38.94302943,-77.02919685,Cluster 18,Ward 4,,515.0,21.15,2.0,,,189,10.0,15.0,11.0,145.0,186.0,12.0,11.0,16.0,146.0,6611194.0,6550.0,3811013.0,3275558.0,,,181.0,185.0,0.055248618784530384,0.015432098765432098,0.08287292817679558,0.023148148148148147,0.06077348066298342,0.016975308641975308,0.8011049723756906,0.22376543209876543,0.06486486486486487,0.05945945945945946,0.08648648648648649,0.7891891891891892,0.02330097087378641,0.021359223300970873,0.031067961165048542,0.283495145631068
DCPS,305,Ross Elementary School,PK3-5th,190.0,70.25,4.0,176.0,0.0,38.91239115,-77.03966214,Cluster 6,Ward 2,Elementary,174.0,72.96,4.0,176.0,2.0,166,94.0,12.0,5.0,5.0,149.0,94.0,23.0,5.0,0.0,4238364.399592927,1700.0,2103681.0,1883594.0,1.0795454545454546,0.9886363636363636,116.0,122.0,0.8103448275862069,0.49473684210526314,0.10344827586206896,0.06315789473684211,0.04310344827586207,0.02631578947368421,0.04310344827586207,0.02631578947368421,0.7704918032786885,0.1885245901639344,0.040983606557377046,0.0,0.5402298850574713,0.13218390804597702,0.028735632183908046,0.0
DCPS,307,Savoy Elementary School,PK3-5th,271.0,40.12,3.0,430.0,159.0,38.86285199,-76.99360426,Cluster 37,Ward 8,Elementary,267.0,29.16,2.0,430.0,163.0,242,38.0,67.0,100.0,35.0,252.0,55.0,59.0,54.0,27.0,9272923.973847048,4070.0,4404639.0,3102981.0,0.6302325581395349,0.6209302325581395,240.0,195.0,0.15833333333333333,0.14022140221402213,0.2791666666666667,0.24723247232472326,0.4166666666666667,0.36900369003690037,0.14583333333333334,0.12915129151291513,0.28205128205128205,0.30256410256410254,0.27692307692307694,0.13846153846153847,0.20599250936329588,0.2209737827715356,0.20224719101123595,0.10112359550561797
DCPS,409,School Without Walls @ Francis-Stevens,PK3-8th,472.0,58.04,3.0,513.0,41.0,38.9074695,-77.052321,Cluster 5,Ward 2,Education Campus/Multi,473.0,58.29,3.0,513.0,40.0,414,235.0,65.0,18.0,5.0,406.0,222.0,67.0,32.0,5.0,,,5468798.0,3978849.0,0.9200779727095516,0.9220272904483431,323.0,326.0,0.7275541795665634,0.4978813559322034,0.20123839009287925,0.13771186440677965,0.05572755417956656,0.038135593220338986,0.015479876160990712,0.01059322033898305,0.6809815950920245,0.20552147239263804,0.09815950920245399,0.015337423312883436,0.4693446088794926,0.1416490486257928,0.06765327695560254,0.010570824524312896
DCPS,466,School Without Walls High School,9th-12th,592.0,97.9,5.0,520.0,0.0,38.89812412,-77.04818647,Cluster 5,Ward 2,High,592.0,98.56,5.0,520.0,0.0,590,396.0,34.0,5.0,0.0,595.0,336.0,41.0,10.0,5.0,11513258.0031555,4390.0,5267593.0,3742090.0,1.1384615384615384,1.1384615384615384,435.0,392.0,0.9103448275862069,0.668918918918919,0.07816091954022988,0.057432432432432436,0.011494252873563218,0.008445945945945946,0.0,0.0,0.8571428571428571,0.10459183673469388,0.025510204081632654,0.012755102040816327,0.5675675675675675,0.06925675675675676,0.016891891891891893,0.008445945945945946
DCPS,175,School-Within-School @ Goding,PK3-5th,313.0,88.26,5.0,444.0,131.0,38.89756498,-76.99318304,Cluster 25,Ward 6,Elementary,308.0,88.55,5.0,444.0,136.0,237,145.0,21.0,5.0,5.0,239.0,166.0,20.0,5.0,0.0,10592800.003832811,5880.0,3815456.0,2674740.0,0.704954954954955,0.6936936936936937,176.0,191.0,0.8238636363636364,0.46325878594249204,0.11931818181818182,0.0670926517571885,0.028409090909090908,0.01597444089456869,0.028409090909090908,0.01597444089456869,0.8691099476439791,0.10471204188481675,0.02617801047120419,0.0,0.538961038961039,0.06493506493506493,0.016233766233766232,0.0
DCPS,309,Seaton Elementary School,PK3-5th,390.0,70.59,4.0,446.0,56.0,38.9106187,-77.02488247,Cluster 7,Ward 6,Elementary,371.0,46.54,3.0,446.0,75.0,309,168.0,70.0,31.0,5.0,289.0,161.0,42.0,13.0,5.0,6594699.998946,2910.0,4870841.0,3070682.0,0.874439461883408,0.8318385650224215,274.0,221.0,0.6131386861313869,0.4307692307692308,0.25547445255474455,0.1794871794871795,0.11313868613138686,0.07948717948717948,0.01824817518248175,0.01282051282051282,0.7285067873303167,0.19004524886877827,0.058823529411764705,0.02262443438914027,0.4339622641509434,0.11320754716981132,0.03504043126684636,0.013477088948787063
DCPS,313,Shepherd Elementary School,PK3-5th,379.0,76.61,4.0,400.0,21.0,38.98460328,-77.03399523,Cluster 16,Ward 4,Elementary,364.0,67.39,4.0,400.0,36.0,324,200.0,27.0,12.0,5.0,311.0,201.0,28.0,5.0,5.0,9881305.739102311,3260.0,3653973.0,3137322.0,0.9475,0.91,244.0,239.0,0.819672131147541,0.5277044854881267,0.11065573770491803,0.0712401055408971,0.04918032786885246,0.0316622691292876,0.020491803278688523,0.013192612137203167,0.8410041841004184,0.11715481171548117,0.02092050209205021,0.02092050209205021,0.5521978021978022,0.07692307692307693,0.013736263736263736,0.013736263736263736
DCPS,315,Simon Elementary School,PK3-5th,241.0,17.9,1.0,325.0,84.0,38.83598054,-77.000195,Cluster 39,Ward 8,Elementary,274.0,40.12,3.0,325.0,51.0,233,69.0,69.0,65.0,25.0,271.0,123.0,65.0,49.0,18.0,6518293.62981491,3260.0,3441958.0,2448959.0,0.7415384615384616,0.8430769230769231,228.0,255.0,0.3026315789473684,0.2863070539419087,0.3026315789473684,0.2863070539419087,0.2850877192982456,0.2697095435684647,0.10964912280701754,0.1037344398340249,0.4823529411764706,0.2549019607843137,0.19215686274509805,0.07058823529411765,0.4489051094890511,0.23722627737226276,0.17883211678832117,0.06569343065693431
DCPS,322,Smothers Elementary School,PK3-5th,249.0,16.27,1.0,337.0,88.0,38.89355404,-76.93846864,Cluster 30,Ward 7,Elementary,252.0,25.48,2.0,337.0,85.0,205,68.0,68.0,37.0,23.0,209.0,74.0,59.0,56.0,5.0,6833348.451564059,3070.0,3842604.0,2580078.0,0.7388724035608308,0.7477744807121661,196.0,194.0,0.3469387755102041,0.27309236947791166,0.3469387755102041,0.27309236947791166,0.18877551020408162,0.14859437751004015,0.11734693877551021,0.09236947791164658,0.38144329896907214,0.30412371134020616,0.28865979381443296,0.02577319587628866,0.29365079365079366,0.23412698412698413,0.2222222222222222,0.01984126984126984
DCPS,427,Sousa Middle School,6th-8th,242.0,32.45,2.0,790.0,548.0,38.88389441,-76.95315884,Cluster 32,Ward 7,Middle,228.0,12.33,1.0,790.0,562.0,262,61.0,76.0,81.0,40.0,270.0,61.0,80.0,80.0,38.0,7542783.996592281,2860.0,3473232.0,2143200.0,0.30632911392405066,0.28860759493670884,258.0,259.0,0.2364341085271318,0.25206611570247933,0.29457364341085274,0.3140495867768595,0.313953488372093,0.3347107438016529,0.15503875968992248,0.1652892561983471,0.23552123552123552,0.3088803088803089,0.3088803088803089,0.14671814671814673,0.2675438596491228,0.3508771929824561,0.3508771929824561,0.16666666666666666
DCPS,319,Stanton Elementary School,PK3-5th,473.0,38.76,2.0,586.0,113.0,38.85927211,-76.96849023,Cluster 36,Ward 8,Elementary,493.0,20.72,2.0,586.0,93.0,424,131.0,112.0,97.0,67.0,436.0,195.0,111.0,81.0,13.0,7054282.354777401,2600.0,5496878.0,4241257.0,0.8071672354948806,0.841296928327645,407.0,400.0,0.32186732186732187,0.2769556025369979,0.2751842751842752,0.23678646934460887,0.23832923832923833,0.20507399577167018,0.16461916461916462,0.1416490486257928,0.4875,0.2775,0.2025,0.0325,0.39553752535496955,0.22515212981744423,0.1643002028397566,0.02636916835699797
DCPS,321,Stoddert Elementary School,PK4-5th,463.0,77.85,4.0,489.0,26.0,38.92304465,-77.0790738,Cluster 14,Ward 3,Elementary,438.0,78.95,4.0,489.0,51.0,466,288.0,44.0,5.0,5.0,452.0,281.0,37.0,5.0,0.0,11507278.542209726,5390.0,4333567.0,3653883.0,0.9468302658486708,0.8957055214723927,342.0,323.0,0.8421052631578947,0.6220302375809935,0.1286549707602339,0.09503239740820735,0.014619883040935672,0.01079913606911447,0.014619883040935672,0.01079913606911447,0.8699690402476781,0.11455108359133127,0.015479876160990712,0.0,0.6415525114155252,0.08447488584474885,0.01141552511415525,0.0
DCPS,428,Stuart-Hobson Middle School (Capitol Hill Cluster),6th-8th,454.0,61.01,4.0,450.0,0.0,38.8962977,-77.00000438,Cluster 25,Ward 6,Middle,422.0,53.53,3.0,450.0,28.0,461,251.0,102.0,38.0,11.0,432.0,246.0,107.0,38.0,5.0,8509627.202548783,4200.0,4424768.0,3327176.0,1.008888888888889,0.9377777777777778,402.0,396.0,0.6243781094527363,0.552863436123348,0.2537313432835821,0.22466960352422907,0.0945273631840796,0.08370044052863436,0.02736318407960199,0.024229074889867842,0.6212121212121212,0.2702020202020202,0.09595959595959595,0.012626262626262626,0.5829383886255924,0.25355450236966826,0.09004739336492891,0.011848341232227487
DCPS,428,Stuart-Hobson Middle School (Capitol Hill Cluster),6th-8th,454.0,61.01,4.0,450.0,0.0,38.8962977,-77.00000438,Cluster 25,Ward 6,Middle,422.0,53.53,3.0,450.0,28.0,461,251.0,102.0,38.0,11.0,432.0,246.0,107.0,38.0,5.0,8899894.004962325,4270.0,4424768.0,3327176.0,1.008888888888889,0.9377777777777778,402.0,396.0,0.6243781094527363,0.552863436123348,0.2537313432835821,0.22466960352422907,0.0945273631840796,0.08370044052863436,0.02736318407960199,0.024229074889867842,0.6212121212121212,0.2702020202020202,0.09595959595959595,0.012626262626262626,0.5829383886255924,0.25355450236966826,0.09004739336492891,0.011848341232227487
DCPS,324,Takoma Education Campus,PK3-8th,508.0,44.94,3.0,450.0,0.0,38.97504287,-77.02279493,Cluster 17,Ward 4,Education Campus/Multi,473.0,30.48,2.0,450.0,0.0,471,300.0,46.0,31.0,12.0,431.0,245.0,27.0,14.0,13.0,12146247.3881636,4780.0,6192923.0,3738438.0,1.1288888888888888,1.051111111111111,389.0,299.0,0.7712082262210797,0.5905511811023622,0.11825192802056556,0.09055118110236221,0.07969151670951156,0.0610236220472441,0.030848329048843187,0.023622047244094488,0.8193979933110368,0.0903010033444816,0.046822742474916385,0.043478260869565216,0.5179704016913319,0.05708245243128964,0.02959830866807611,0.02748414376321353
DCPS,325,Thomas Elementary School,PK3-5th,355.0,32.56,2.0,474.0,119.0,38.90127897,-76.95211091,Cluster 30,Ward 7,Elementary,384.0,19.94,1.0,474.0,90.0,321,76.0,92.0,85.0,57.0,345.0,96.0,116.0,89.0,34.0,10279368.993482608,4240.0,5378993.0,3496336.0,0.7489451476793249,0.810126582278481,310.0,335.0,0.24516129032258063,0.2140845070422535,0.2967741935483871,0.2591549295774648,0.27419354838709675,0.23943661971830985,0.18387096774193548,0.16056338028169015,0.2865671641791045,0.34626865671641793,0.2656716417910448,0.10149253731343283,0.25,0.3020833333333333,0.23177083333333334,0.08854166666666667
DCPS,326,Thomson Elementary School,PK3-5th,331.0,61.03,4.0,357.0,26.0,38.90349634,-77.02843003,Cluster 8,Ward 2,Elementary,308.0,43.67,3.0,357.0,49.0,263,163.0,26.0,5.0,5.0,248.0,147.0,30.0,5.0,5.0,8148758.004811794,2730.0,3916753.0,2675179.0,0.927170868347339,0.8627450980392157,199.0,187.0,0.8190954773869347,0.49244712990936557,0.1306532663316583,0.07854984894259819,0.02512562814070352,0.015105740181268883,0.02512562814070352,0.015105740181268883,0.786096256684492,0.16042780748663102,0.026737967914438502,0.026737967914438502,0.4772727272727273,0.09740259740259741,0.016233766233766232,0.016233766233766232
DCPS,327,Truesdell Education Campus,PK3-8th,609.0,65.31,4.0,775.0,166.0,38.95396869,-77.02507158,Cluster 18,Ward 4,Education Campus/Multi,698.0,56.88,3.0,775.0,77.0,559,270.0,131.0,70.0,26.0,642.0,273.0,187.0,124.0,30.0,15127507.995,5700.0,7775938.0,4661719.0,0.7858064516129032,0.9006451612903226,497.0,614.0,0.5432595573440644,0.4433497536945813,0.2635814889336016,0.21510673234811165,0.14084507042253522,0.11494252873563218,0.052313883299798795,0.042692939244663386,0.44462540716612375,0.30456026058631924,0.20195439739413681,0.048859934853420196,0.39111747851002865,0.2679083094555874,0.17765042979942694,0.04297994269340974
DCPS,328,Tubman Elementary School,PK3-5th,548.0,37.26,2.0,629.0,81.0,38.92919857,-77.0294433,Cluster 2,Ward 1,Elementary,535.0,63.62,4.0,629.0,94.0,526,264.0,108.0,60.0,22.0,501.0,264.0,101.0,55.0,20.0,13018436.59853299,5010.0,7060475.0,4356476.0,0.8712241653418124,0.8505564387917329,454.0,440.0,0.5814977973568282,0.48175182481751827,0.23788546255506607,0.19708029197080293,0.13215859030837004,0.10948905109489052,0.048458149779735685,0.040145985401459854,0.6,0.22954545454545455,0.125,0.045454545454545456,0.4934579439252336,0.18878504672897195,0.102803738317757,0.037383177570093455
DCPS,329,Turner Elementary School,PK3-5th,497.0,32.42,2.0,530.0,33.0,38.84763644,-76.98031323,Cluster 38,Ward 8,Elementary,463.0,45.33,3.0,530.0,67.0,440,72.0,100.0,153.0,108.0,426.0,88.0,104.0,144.0,80.0,10397480.109674908,4210.0,5712171.0,3893633.0,0.9377358490566038,0.8735849056603774,433.0,416.0,0.16628175519630484,0.1448692152917505,0.23094688221709006,0.2012072434607646,0.3533487297921478,0.30784708249496984,0.24942263279445728,0.21730382293762576,0.21153846153846154,0.25,0.34615384615384615,0.19230769230769232,0.1900647948164147,0.22462203023758098,0.31101511879049676,0.17278617710583152
DCPS,330,Tyler Elementary School,PK3-5th,512.0,75.33,4.0,564.0,52.0,38.88108436,-76.99204166,Cluster 26,Ward 6,Elementary,525.0,47.07,3.0,564.0,39.0,403,244.0,85.0,11.0,5.0,414.0,259.0,69.0,29.0,5.0,12642060.536200613,5380.0,6274522.0,4421227.0,0.9078014184397163,0.9308510638297872,345.0,362.0,0.7072463768115942,0.4765625,0.2463768115942029,0.166015625,0.03188405797101449,0.021484375,0.014492753623188406,0.009765625,0.7154696132596685,0.19060773480662985,0.08011049723756906,0.013812154696132596,0.49333333333333335,0.13142857142857142,0.05523809523809524,0.009523809523809525
DCPS,331,Van Ness Elementary School,PK3-3rd,270.0,67.39,4.0,347.0,77.0,38.87679645,-76.999244,Cluster 27,Ward 6,Elementary,215.0,,,347.0,132.0,208,125.0,31.0,22.0,5.0,143.0,84.0,20.0,13.0,5.0,3598418.534901091,1100.0,1947151.0,1689264.0,0.7780979827089337,0.6195965417867435,183.0,122.0,0.6830601092896175,0.46296296296296297,0.16939890710382513,0.11481481481481481,0.12021857923497267,0.08148148148148149,0.0273224043715847,0.018518518518518517,0.6885245901639344,0.16393442622950818,0.10655737704918032,0.040983606557377046,0.39069767441860465,0.09302325581395349,0.06046511627906977,0.023255813953488372
DCPS,332,Walker-Jones Education Campus,PK3-8th,384.0,27.18,2.0,700.0,316.0,38.90419198,-77.01391569,Cluster 8,Ward 6,Education Campus/Multi,435.0,50.92,3.0,700.0,265.0,379,130.0,93.0,91.0,50.0,385.0,119.0,127.0,81.0,42.0,12359678.00029914,4840.0,6139523.0,3758298.0,0.5485714285714286,0.6214285714285714,364.0,369.0,0.35714285714285715,0.3385416666666667,0.2554945054945055,0.2421875,0.25,0.23697916666666666,0.13736263736263737,0.13020833333333334,0.3224932249322493,0.34417344173441733,0.21951219512195122,0.11382113821138211,0.2735632183908046,0.29195402298850576,0.18620689655172415,0.09655172413793103
DCPS,474,Washington Metropolitan High School,9th-12th,136.0,12.9,1.0,,,38.92043047,-77.01558101,Cluster 3,Ward 1,High,195.0,24.88,2.0,,,150,5.0,5.0,5.0,130.0,199.0,5.0,5.0,5.0,181.0,7133322.0022365,2510.0,3599053.0,2721974.0,,,145.0,196.0,0.034482758620689655,0.03676470588235294,0.034482758620689655,0.03676470588235294,0.034482758620689655,0.03676470588235294,0.896551724137931,0.9558823529411765,0.025510204081632654,0.025510204081632654,0.025510204081632654,0.923469387755102,0.02564102564102564,0.02564102564102564,0.02564102564102564,0.9282051282051282
DCPS,947,CHOICE Academy @ Washington Metropolitan HS,Alternative,1.0,,,,,38.92043047,-77.01558101,Cluster 3,Ward 1,,1.0,,,,,5,5.0,5.0,5.0,5.0,68.0,24.0,19.0,13.0,5.0,1999900.0,1000.0,1045389.0,823617.0,,,20.0,61.0,0.25,5.0,0.25,5.0,0.25,5.0,0.25,5.0,0.39344262295081966,0.3114754098360656,0.21311475409836064,0.08196721311475409,24.0,19.0,13.0,5.0
DCPS,333,Watkins Elementary School (Capitol Hill Cluster),1st-5th,444.0,69.95,4.0,460.0,16.0,38.88346701,-76.98999677,Cluster 26,Ward 6,Elementary,428.0,73.94,4.0,460.0,32.0,456,332.0,57.0,5.0,5.0,442.0,311.0,74.0,5.0,0.0,9217560.602206582,4820.0,4378341.0,3287838.0,0.9652173913043478,0.9304347826086956,399.0,390.0,0.8320802005012531,0.7477477477477478,0.14285714285714285,0.12837837837837837,0.012531328320802004,0.01126126126126126,0.012531328320802004,0.01126126126126126,0.7974358974358975,0.18974358974358974,0.01282051282051282,0.0,0.7266355140186916,0.17289719626168223,0.011682242990654205,0.0
DCPS,336,West Education Campus,PK3-8th,336.0,67.22,4.0,378.0,42.0,38.95136741,-77.03225306,Cluster 18,Ward 4,Education Campus/Multi,330.0,55.27,3.0,378.0,48.0,291,127.0,74.0,28.0,17.0,285.0,124.0,66.0,41.0,20.0,7711848.130957591,2780.0,4115372.0,3009106.0,0.8888888888888888,0.873015873015873,246.0,251.0,0.516260162601626,0.37797619047619047,0.3008130081300813,0.22023809523809523,0.11382113821138211,0.08333333333333333,0.06910569105691057,0.050595238095238096,0.4940239043824701,0.26294820717131473,0.16334661354581673,0.0796812749003984,0.37575757575757573,0.2,0.12424242424242424,0.06060606060606061
DCPS,335,Wheatley Education Campus,PK3-8th,312.0,30.23,2.0,500.0,188.0,38.90411774,-76.98850077,Cluster 23,Ward 5,Education Campus/Multi,324.0,42.16,3.0,500.0,176.0,288,99.0,93.0,53.0,33.0,284.0,70.0,80.0,98.0,28.0,10767216.632042762,4580.0,5137250.0,3213691.0,0.624,0.648,278.0,276.0,0.35611510791366907,0.3173076923076923,0.3345323741007194,0.2980769230769231,0.1906474820143885,0.16987179487179488,0.11870503597122302,0.10576923076923077,0.2536231884057971,0.2898550724637681,0.35507246376811596,0.10144927536231885,0.21604938271604937,0.24691358024691357,0.30246913580246915,0.08641975308641975
DCPS,338,Whittier Education Campus,PK3-8th,351.0,77.18,4.0,520.0,169.0,38.96585727,-77.0192386,Cluster 17,Ward 4,Education Campus/Multi,325.0,45.39,3.0,520.0,195.0,341,156.0,91.0,61.0,18.0,307.0,119.0,88.0,54.0,31.0,10893376.715985898,3490.0,5364029.0,3181385.0,0.675,0.625,326.0,292.0,0.4785276073619632,0.4444444444444444,0.2791411042944785,0.25925925925925924,0.18711656441717792,0.1737891737891738,0.05521472392638037,0.05128205128205128,0.4075342465753425,0.3013698630136986,0.18493150684931506,0.10616438356164383,0.36615384615384616,0.27076923076923076,0.16615384615384615,0.09538461538461539
DCPS,463,Wilson High School,9th-12th,1796.0,71.99,4.0,1840.0,44.0,38.95015672,-77.0777757,Cluster 11,Ward 3,High,1829.0,74.46,4.0,1840.0,11.0,1803,694.0,466.0,333.0,266.0,1852.0,596.0,423.0,378.0,389.0,31218186.0011825,18780.0,16045386.0,11218996.0,0.9760869565217392,0.9940217391304348,1759.0,1786.0,0.39454235361000567,0.38641425389755013,0.2649232518476407,0.2594654788418708,0.1893121091529278,0.18541202672605792,0.1512222853894258,0.14810690423162584,0.3337066069428891,0.23684210526315788,0.2116461366181411,0.21780515117581187,0.32586112629852376,0.23127392017495899,0.20667031164570804,0.21268452706396937
DCPS,464,"Woodson, H D High School",9th-12th,455.0,18.34,1.0,1000.0,545.0,38.89678662,-76.92232826,Cluster 31,Ward 7,High,488.0,24.54,2.0,1000.0,512.0,514,27.0,49.0,107.0,327.0,537.0,36.0,62.0,111.0,319.0,16381258.33471116,5820.0,9597703.0,5567160.0,0.455,0.488,510.0,528.0,0.052941176470588235,0.05934065934065934,0.09607843137254903,0.1076923076923077,0.20980392156862746,0.23516483516483516,0.6411764705882353,0.7186813186813187,0.06818181818181818,0.11742424242424243,0.21022727272727273,0.6041666666666666,0.07377049180327869,0.12704918032786885,0.22745901639344263,0.6536885245901639
DCPS,861,Youth Services Center,Alternative,31.0,,,0.0,0.0,38.91213959,-76.98858584,Cluster 23,Ward 5,Adult/Alt,52.0,,,0.0,0.0,118,28.0,15.0,5.0,5.0,140.0,10.0,5.0,5.0,0.0,3331627.7444,730.0,2545628.0,853448.0,inf,inf,53.0,20.0,0.5283018867924528,0.9032258064516129,0.2830188679245283,0.4838709677419355,0.09433962264150944,0.16129032258064516,0.09433962264150944,0.16129032258064516,0.5,0.25,0.25,0.0,0.19230769230769232,0.09615384615384616,0.09615384615384616,0.0
